NewIndex,Direct solar radiation mean [W/m2],Date
1,97.1,2004-01-01
2,100.0,2004-01-02
3,65.7,2004-01-03
4,1.4,2004-01-04
5,1.6,2004-01-05
6,1.2,2004-01-06
7,9.9,2004-01-07
8,0.8,2004-01-08
9,0.5,2004-01-09
10,0.6,2004-01-10
11,1.3,2004-01-11
12,0.7,2004-01-12
13,0.8,2004-01-13
14,0.3,2004-01-14
15,1.0,2004-01-15
16,2.2,2004-01-16
17,2.4,2004-01-17
18,1.7,2004-01-18
19,0.3,2004-01-19
20,85.0,2004-01-20
21,61.2,2004-01-21
22,113.9,2004-01-22
23,35.6,2004-01-23
24,0.5,2004-01-24
25,1.8,2004-01-25
26,11.5,2004-01-26
27,0.8,2004-01-27
28,2.2,2004-01-28
29,0.4,2004-01-29
30,6.8,2004-01-30
31,0.6,2004-01-31
32,0.7,2004-02-01
33,1.3,2004-02-02
34,0.8,2004-02-03
35,0.8,2004-02-04
36,1.0,2004-02-05
37,1.3,2004-02-06
38,0.7,2004-02-07
39,32.8,2004-02-08
40,10.1,2004-02-09
41,185.9,2004-02-10
42,217.9,2004-02-11
43,18.7,2004-02-12
44,1.1,2004-02-13
45,1.0,2004-02-14
46,9.7,2004-02-15
47,78.0,2004-02-16
48,0.9,2004-02-17
49,220.7,2004-02-18
50,17.3,2004-02-19
51,36.9,2004-02-20
52,76.1,2004-02-21
53,0.7,2004-02-22
54,3.4,2004-02-23
55,177.8,2004-02-24
56,0.7,2004-02-25
57,0.5,2004-02-26
58,0.9,2004-02-27
59,3.3,2004-02-28
60,1.0,2004-02-29
61,54.1,2004-03-01
62,44.8,2005-01-01
63,0.1,2005-01-02
64,45.4,2005-01-03
65,1.6,2005-01-04
66,0.2,2005-01-05
67,0.2,2005-01-06
68,0,2005-01-07
69,0.2,2005-01-08
70,0.2,2005-01-09
71,0.2,2005-01-10
72,58.1,2005-01-11
73,0,2005-01-12
74,0.1,2005-01-13
75,0.7,2005-01-14
76,-,2005-01-15
77,-,2005-01-16
78,-,2005-01-17
79,-,2005-01-18
80,-,2005-01-19
81,-,2005-01-20
82,0.4,2005-01-21
83,0.5,2005-01-22
84,0.7,2005-01-23
85,0.4,2005-01-24
86,19.8,2005-01-25
87,0.7,2005-01-26
88,9,2005-01-27
89,1.9,2005-01-28
90,30.3,2005-01-29
91,0.5,2005-01-30
92,102.7,2005-01-31
93,1,2005-02-01
94,1.4,2005-02-02
95,0.6,2005-02-03
96,0.8,2005-02-04
97,0.2,2005-02-05
98,0.5,2005-02-06
99,1.3,2005-02-07
100,36.5,2005-02-08
101,1,2005-02-09
102,0.7,2005-02-10
103,14.2,2005-02-11
104,19.4,2005-02-12
105,0.9,2005-02-13
106,3.1,2005-02-14
107,94,2005-02-15
108,124.1,2005-02-16
109,1.6,2005-02-17
110,0.5,2005-02-18
111,0.9,2005-02-19
112,2,2005-02-20
113,31.5,2005-02-21
114,121.8,2005-02-22
115,153.8,2005-02-23
116,143.6,2005-02-24
117,57.2,2005-02-25
118,118.9,2005-02-26
119,181.4,2005-02-27
120,79.9,2005-02-28
121,222.8,2005-03-01
122,0.4,2006-01-01
123,0.4,2006-01-02
124,1.6,2006-01-03
125,0.5,2006-01-04
126,0.5,2006-01-05
127,0.4,2006-01-06
128,0.5,2006-01-07
129,47.9,2006-01-08
130,0.3,2006-01-09
131,0.8,2006-01-10
132,0.1,2006-01-11
133,76.0,2006-01-12
134,0.8,2006-01-13
135,27.2,2006-01-14
136,0.4,2006-01-15
137,0.2,2006-01-16
138,0.4,2006-01-17
139,93.4,2006-01-18
140,97.7,2006-01-19
141,57.1,2006-01-20
142,89.1,2006-01-21
143,100.6,2006-01-22
144,0.3,2006-01-23
145,0.2,2006-01-24
146,0.9,2006-01-25
147,1.3,2006-01-26
148,102.0,2006-01-27
149,28.4,2006-01-28
150,96.2,2006-01-29
151,35.6,2006-01-30
152,1.6,2006-01-31
153,0.6,2006-02-01
154,0.6,2006-02-02
155,8.2,2006-02-03
156,79.2,2006-02-04
157,129.5,2006-02-05
158,61.4,2006-02-06
159,39.0,2006-02-07
160,42.4,2006-02-08
161,0.9,2006-02-09
162,1.3,2006-02-10
163,83.2,2006-02-11
164,1.5,2006-02-12
165,1.3,2006-02-13
166,1.9,2006-02-14
167,2.3,2006-02-15
168,28.8,2006-02-16
169,85.1,2006-02-17
170,2.6,2006-02-18
171,1.7,2006-02-19
172,16.2,2006-02-20
173,37.8,2006-02-21
174,2.3,2006-02-22
175,49.1,2006-02-23
176,4.5,2006-02-24
177,106.5,2006-02-25
178,126.9,2006-02-26
179,192.7,2006-02-27
180,54.5,2006-02-28
181,81.2,2006-03-01
182,0.2,2014-01-01
183,0.2,2014-01-02
184,0.1,2014-01-03
185,0.2,2014-01-04
186,-,2014-01-05
187,-,2014-01-06
188,0.3,2014-01-07
189,0.5,2014-01-08
190,0.5,2014-01-09
191,0.3,2014-01-10
192,0.7,2014-01-11
193,0.9,2014-01-12
194,85.8,2014-01-13
195,71.4,2014-01-14
196,95,2014-01-15
197,122.5,2014-01-16
198,-,2014-01-17
199,-,2014-01-18
200,99.7,2014-01-19
201,141.6,2014-01-20
202,117.7,2014-01-21
203,130.7,2014-01-22
204,123.6,2014-01-23
205,128.3,2014-01-24
206,2,2014-01-25
207,0.7,2014-01-26
208,-,2014-01-27
209,-,2014-01-28
210,-,2014-01-29
211,140.2,2014-01-30
212,-,2014-01-31
213,-,2014-02-01
214,-,2014-02-02
215,0.6,2014-02-03
216,-,2014-02-04
217,-,2014-02-05
218,-,2014-02-06
219,-,2014-02-07
220,-,2014-02-08
221,-,2014-02-09
222,-,2014-02-10
223,0.6,2014-02-11
224,0.5,2014-02-12
225,1.1,2014-02-13
226,0.2,2014-02-14
227,-,2014-02-15
228,-,2014-02-16
229,0.5,2014-02-17
230,0.9,2014-02-18
231,1,2014-02-19
232,-,2014-02-20
233,-,2014-02-21
234,-,2014-02-22
235,0.9,2014-02-23
236,0.7,2014-02-24
237,3.6,2014-02-25
238,-,2014-02-26
239,-,2014-02-27
240,-,2014-02-28
241,-,2014-03-01
242,-,2015-10-01
243,-,2015-10-02
244,-,2015-10-03
245,-,2015-10-04
246,-,2015-10-05
247,310.5,2015-10-06
248,281,2015-10-07
249,264.3,2015-10-08
250,211.2,2015-10-09
251,185.4,2015-10-10
252,150.7,2015-10-11
253,204.2,2015-10-12
254,57.7,2015-10-13
255,132.9,2015-10-14
256,132.2,2015-10-15
257,219.3,2015-10-16
258,135.1,2015-10-17
259,89.7,2015-10-18
260,190.1,2015-10-19
261,97.7,2015-10-20
262,0.4,2015-10-21
263,-0.2,2015-10-22
264,0.5,2015-10-23
265,236.9,2015-10-24
266,0,2015-10-25
267,169.2,2015-10-26
268,95.5,2015-10-27
269,235.1,2015-10-28
270,3.7,2015-10-29
271,164.2,2015-10-30
272,2.5,2015-10-31
273,0.1,2015-11-01
274,72.5,2015-11-02
275,158.5,2015-11-03
276,91.7,2015-11-04
277,108.4,2015-11-05
278,0.6,2015-11-06
279,0.1,2015-11-07
280,0.6,2015-11-08
281,0.2,2015-11-09
282,1.8,2015-11-10
283,1.1,2015-11-11
284,0.7,2015-11-12
285,0.6,2015-11-13
286,5,2015-11-14
287,3.8,2015-11-15
288,1,2015-11-16
289,39.5,2015-11-17
290,2.6,2015-11-18
291,0.3,2015-11-19
292,0.4,2015-11-20
293,1.4,2015-11-21
294,2,2015-11-22
295,1.7,2015-11-23
296,67,2015-11-24
297,0.2,2015-11-25
298,0.3,2015-11-26
299,0.1,2015-11-27
300,0.1,2015-11-28
301,28.8,2015-11-29
302,0.3,2015-11-30
303,1,2015-12-01
304,127.0,2016-10-01
305,303.0,2016-10-02
306,269.7,2016-10-03
307,157.4,2016-10-04
308,306.5,2016-10-05
309,131.2,2016-10-06
310,117.6,2016-10-07
311,146.8,2016-10-08
312,0.1,2016-10-09
313,90.9,2016-10-10
314,0.8,2016-10-11
315,1.2,2016-10-12
316,1.4,2016-10-13
317,1.4,2016-10-14
318,0.4,2016-10-15
319,0.5,2016-10-16
320,0.1,2016-10-17
321,39.8,2016-10-18
322,173.9,2016-10-19
323,96.6,2016-10-20
324,0.1,2016-10-21
325,0.1,2016-10-22
326,0.4,2016-10-23
327,-0.1,2016-10-24
328,0.4,2016-10-25
329,45.2,2016-10-26
330,0.5,2016-10-27
331,0.3,2016-10-28
332,129.1,2016-10-29
333,0.7,2016-10-30
334,173.3,2016-10-31
335,26.8,2016-11-01
336,0.2,2016-11-02
337,1.0,2016-11-03
338,28.6,2016-11-04
339,2.4,2016-11-05
340,40.1,2016-11-06
341,0.4,2016-11-07
342,1.2,2016-11-08
343,1.1,2016-11-09
344,0.8,2016-11-10
345,157.8,2016-11-11
346,2.1,2016-11-12
347,1.8,2016-11-13
348,25.8,2016-11-14
349,0.0,2016-11-15
350,0.6,2016-11-16
351,0.7,2016-11-17
352,0.1,2016-11-18
353,1.0,2016-11-19
354,0.5,2016-11-20
355,0.1,2016-11-21
356,-0.1,2016-11-22
357,0.4,2016-11-23
358,0.4,2016-11-24
359,0.7,2016-11-25
360,16.8,2016-11-26
361,0.4,2016-11-27
362,22.1,2016-11-28
363,74.8,2016-11-29
364,31.6,2016-11-30
365,80.4,2016-12-01
366,0.0,2017-10-01
367,-0.1,2017-10-02
368,-0.3,2017-10-03
369,8.9,2017-10-04
370,1.8,2017-10-05
371,10.5,2017-10-06
372,1.9,2017-10-07
373,0.2,2017-10-08
374,0.1,2017-10-09
375,0.5,2017-10-10
376,10.5,2017-10-11
377,0.9,2017-10-12
378,13.3,2017-10-13
379,0.3,2017-10-14
380,99.8,2017-10-15
381,49.0,2017-10-16
382,1.5,2017-10-17
383,19.4,2017-10-18
384,76.9,2017-10-19
385,159.0,2017-10-20
386,156.7,2017-10-21
387,2.7,2017-10-22
388,154.9,2017-10-23
389,40.0,2017-10-24
390,28.7,2017-10-25
391,0.2,2017-10-26
392,2.3,2017-10-27
393,0.7,2017-10-28
394,0.9,2017-10-29
395,0.9,2017-10-30
396,203.0,2017-10-31
397,0.8,2017-11-01
398,146.6,2017-11-02
399,82.9,2017-11-03
400,10.2,2017-11-04
401,1.1,2017-11-05
402,0.4,2017-11-06
403,92.6,2017-11-07
404,43.5,2017-11-08
405,0.3,2017-11-09
406,8.1,2017-11-10
407,0.2,2017-11-11
408,1.4,2017-11-12
409,1.8,2017-11-13
410,22.5,2017-11-14
411,3.4,2017-11-15
412,21.4,2017-11-16
413,9.8,2017-11-17
414,2.3,2017-11-18
415,1.3,2017-11-19
416,1.1,2017-11-20
417,1.0,2017-11-21
418,0.2,2017-11-22
419,0.0,2017-11-23
420,5.9,2017-11-24
421,29.7,2017-11-25
422,1.2,2017-11-26
423,0.4,2017-11-27
424,0.2,2017-11-28
425,0.5,2017-11-29
426,0.2,2017-11-30
427,0.6,2017-12-01
428,38.4,2018-10-01
429,133.5,2018-10-02
430,4.6,2018-10-03
431,41.7,2018-10-04
432,52.8,2018-10-05
433,101.7,2018-10-06
434,102.5,2018-10-07
435,10.8,2018-10-08
436,0.1,2018-10-09
437,175.9,2018-10-10
438,13.0,2018-10-11
439,93.3,2018-10-12
440,3.5,2018-10-13
441,212.0,2018-10-14
442,196.3,2018-10-15
443,1.3,2018-10-16
444,28.2,2018-10-17
445,17.5,2018-10-18
446,230.4,2018-10-19
447,1.1,2018-10-20
448,66.1,2018-10-21
449,51.7,2018-10-22
450,0.2,2018-10-23
451,32.1,2018-10-24
452,44.0,2018-10-25
453,1.4,2018-10-26
454,34.8,2018-10-27
455,111.1,2018-10-28
456,181.5,2018-10-29
457,0.0,2018-10-30
458,-0.1,2018-10-31
459,57.1,2018-11-01
460,0.2,2018-11-02
461,2.1,2018-11-03
462,35.9,2018-11-04
463,0.2,2018-11-05
464,0.3,2018-11-06
465,0.3,2018-11-07
466,0.1,2018-11-08
467,0.9,2018-11-09
468,-0.1,2018-11-10
469,-0.2,2018-11-11
470,-0.2,2018-11-12
471,1.0,2018-11-13
472,1.4,2018-11-14
473,10.4,2018-11-15
474,14.9,2018-11-16
475,86.9,2018-11-17
476,17.5,2018-11-18
477,1.0,2018-11-19
478,1.7,2018-11-20
479,78.4,2018-11-21
480,1.1,2018-11-22
481,1.6,2018-11-23
482,112.4,2018-11-24
483,122.0,2018-11-25
484,4.5,2018-11-26
485,64.7,2018-11-27
486,59.5,2018-11-28
487,0.7,2018-11-29
488,0.4,2018-11-30
489,19.9,2018-12-01
490,89.9,2019-10-01
491,15.6,2019-10-02
492,0.4,2019-10-03
493,45.0,2019-10-04
494,159.4,2019-10-05
495,44.8,2019-10-06
496,101.2,2019-10-07
497,4.7,2019-10-08
498,35.1,2019-10-09
499,6.3,2019-10-10
500,9.3,2019-10-11
501,2.3,2019-10-12
502,52.2,2019-10-13
503,4.7,2019-10-14
504,58.6,2019-10-15
505,0.1,2019-10-16
506,0.0,2019-10-17
507,0.5,2019-10-18
508,2.2,2019-10-19
509,0.0,2019-10-20
510,0.8,2019-10-21
511,1.2,2019-10-22
512,120.5,2019-10-23
513,65.6,2019-10-24
514,-0.3,2019-10-25
515,0.1,2019-10-26
516,0.8,2019-10-27
517,1.1,2019-10-28
518,152.4,2019-10-29
519,157.9,2019-10-30
520,8.9,2019-10-31
521,111.6,2019-11-01
522,0.5,2019-11-02
523,8.5,2019-11-03
524,140.2,2019-11-04
525,38.9,2019-11-05
526,87.3,2019-11-06
527,0.4,2019-11-07
528,0.5,2019-11-08
529,0.2,2019-11-09
530,0.3,2019-11-10
531,1.4,2019-11-11
532,2.1,2019-11-12
533,0.2,2019-11-13
534,0.3,2019-11-14
535,0.6,2019-11-15
536,0.2,2019-11-16
537,0.3,2019-11-17
538,3.3,2019-11-18
539,-0.2,2019-11-19
540,0.1,2019-11-20
541,-0.1,2019-11-21
542,0.0,2019-11-22
543,1.9,2019-11-23
544,0.9,2019-11-24
545,0.8,2019-11-25
546,0.7,2019-11-26
547,0.6,2019-11-27
548,0.3,2019-11-28
549,0.1,2019-11-29
550,45.7,2019-11-30
551,54.6,2019-12-01
552,98.6,2020-10-01
553,85.0,2020-10-02
554,118.3,2020-10-03
555,8.4,2020-10-04
556,127.4,2020-10-05
557,0.1,2020-10-06
558,9.7,2020-10-07
559,20.7,2020-10-08
560,0.3,2020-10-09
561,61.5,2020-10-10
562,124.6,2020-10-11
563,26.6,2020-10-12
564,8.9,2020-10-13
565,0.5,2020-10-14
566,98.7,2020-10-15
567,62.9,2020-10-16
568,1.9,2020-10-17
569,169.8,2020-10-18
570,5.7,2020-10-19
571,7.4,2020-10-20
572,0.2,2020-10-21
573,0.1,2020-10-22
574,1.0,2020-10-23
575,62.1,2020-10-24
576,30.3,2020-10-25
577,0.0,2020-10-26
578,-0.1,2020-10-27
579,54.6,2020-10-28
580,30.0,2020-10-29
581,0.5,2020-10-30
582,0.8,2020-10-31
583,-0.1,2020-11-01
584,-0.1,2020-11-02
585,-0.1,2020-11-03
586,26.9,2020-11-04
587,7.4,2020-11-05
588,121.7,2020-11-06
589,122.1,2020-11-07
590,153.4,2020-11-08
591,74.9,2020-11-09
592,10.0,2020-11-10
593,0.8,2020-11-11
594,0.2,2020-11-12
595,0.1,2020-11-13
596,2.8,2020-11-14
597,1.8,2020-11-15
598,0.0,2020-11-16
599,0.0,2020-11-17
600,53.1,2020-11-18
601,0.0,2020-11-19
602,3.7,2020-11-20
603,2.4,2020-11-21
604,1.6,2020-11-22
605,20.6,2020-11-23
606,7.7,2020-11-24
607,0.4,2020-11-25
608,16.1,2020-11-26
609,1.9,2020-11-27
610,0.8,2020-11-28
611,0.1,2020-11-29
612,0.9,2020-11-30
613,1.3,2020-12-01
614,29.2,2021-10-01
615,10.4,2021-10-02
616,105.5,2021-10-03
617,5.0,2021-10-04
618,-0.3,2021-10-05
619,66.6,2021-10-06
620,0.9,2021-10-07
621,0.1,2021-10-08
622,0.3,2021-10-09
623,-0.1,2021-10-10
624,3.5,2021-10-11
625,10.4,2021-10-12
626,13.0,2021-10-13
627,134.7,2021-10-14
628,0.2,2021-10-15
629,119.8,2021-10-16
630,189.0,2021-10-17
631,69.9,2021-10-18
632,165.4,2021-10-19
633,0.4,2021-10-20
634,18.3,2021-10-21
635,0.0,2021-10-22
636,8.7,2021-10-23
637,1.6,2021-10-24
638,4.9,2021-10-25
639,0.4,2021-10-26
640,0.5,2021-10-27
641,10.4,2021-10-28
642,10.1,2021-10-29
643,0.5,2021-10-30
644,0.4,2021-10-31
645,22.7,2021-11-01
646,43.6,2021-11-02
647,0.0,2021-11-03
648,0.6,2021-11-04
649,0.1,2021-11-05
650,26.2,2021-11-06
651,0.8,2021-11-07
652,32.1,2021-11-08
653,10.0,2021-11-09
654,0.4,2021-11-10
655,57.6,2021-11-11
656,7.6,2021-11-12
657,2.8,2021-11-13
658,8.7,2021-11-14
659,13.4,2021-11-15
660,0.5,2021-11-16
661,0.3,2021-11-17
662,2.2,2021-11-18
663,0.9,2021-11-19
664,8.9,2021-11-20
665,3.1,2021-11-21
666,112.5,2021-11-22
667,1.4,2021-11-23
668,3.9,2021-11-24
669,1.0,2021-11-25
670,7.1,2021-11-26
671,32.8,2021-11-27
672,0.9,2021-11-28
673,6.1,2021-11-29
674,8.5,2021-11-30
675,87.5,2021-12-01
676,67.3,2022-10-01
677,1.1,2022-10-02
678,132.7,2022-10-03
679,251.5,2022-10-04
680,1.0,2022-10-05
681,23.2,2022-10-06
682,49.2,2022-10-07
683,33.6,2022-10-08
684,254.1,2022-10-09
685,130.3,2022-10-10
686,10.0,2022-10-11
687,122.2,2022-10-12
688,36.1,2022-10-13
689,-0.1,2022-10-14
690,0.1,2022-10-15
691,-0.1,2022-10-16
692,6.8,2022-10-17
693,4.7,2022-10-18
694,185.3,2022-10-19
695,126.4,2022-10-20
696,29.1,2022-10-21
697,44.0,2022-10-22
698,32.8,2022-10-23
699,221.3,2022-10-24
700,0.9,2022-10-25
701,0.7,2022-10-26
702,0.5,2022-10-27
703,1.6,2022-10-28
704,4.8,2022-10-29
705,33.3,2022-10-30
706,103.9,2022-10-31
707,6.6,2022-11-01
708,0.7,2022-11-02
709,0.4,2022-11-03
710,0.4,2022-11-04
711,0.4,2022-11-05
712,11.8,2022-11-06
713,-0.2,2022-11-07
714,0.2,2022-11-08
715,0.5,2022-11-09
716,0.4,2022-11-10
717,0.0,2022-11-11
718,147.3,2022-11-12
719,147.8,2022-11-13
720,1.2,2022-11-14
721,0.2,2022-11-15
722,1.1,2022-11-16
723,5.0,2022-11-17
724,1.0,2022-11-18
725,73.6,2022-11-19
726,0.2,2022-11-20
727,-0.1,2022-11-21
728,0.4,2022-11-22
729,0.4,2022-11-23
730,0.5,2022-11-24
731,0.3,2022-11-25
732,0.4,2022-11-26
733,0.4,2022-11-27
734,0.5,2022-11-28
735,0.2,2022-11-29
736,0.8,2022-11-30
737,1.0,2022-12-01
738,0.6,2022-12-02
739,1.5,2022-12-03
740,3.1,2022-12-04
741,30.2,2022-12-05
742,2.0,2022-12-06
743,2.0,2022-12-07
744,2.4,2022-12-08
745,16.3,2022-12-09
746,2.5,2022-12-10
747,1.1,2022-12-11
748,0.4,2022-12-12
749,1.4,2022-12-13
750,37.6,2022-12-14
751,24.0,2022-12-15
752,11.4,2022-12-16
753,42.4,2022-12-17
754,0.8,2022-12-18
755,2.0,2022-12-19
756,0.6,2022-12-20
757,0.9,2022-12-21
758,1.0,2022-12-22
759,0.9,2022-12-23
760,33.1,2022-12-24
761,3.6,2022-12-25
762,0.7,2022-12-26
763,0.6,2022-12-27
764,15.0,2022-12-28
765,0.6,2022-12-29
766,1.3,2022-12-30
767,0.5,2022-12-31
768,59.7,2023-01-01
769,131.7,2004-11-01
770,145.5,2004-11-02
771,0.9,2004-11-03
772,0.4,2004-11-04
773,5.8,2004-11-05
774,0.6,2004-11-06
775,0.8,2004-11-07
776,45.1,2004-11-08
777,40.5,2004-11-09
778,0.6,2004-11-10
779,0.6,2004-11-11
780,0.3,2004-11-12
781,64.4,2004-11-13
782,52.5,2004-11-14
783,0.8,2004-11-15
784,44.5,2004-11-16
785,51.8,2004-11-17
786,0.9,2004-11-18
787,2.0,2004-11-19
788,64.8,2004-11-20
789,1.1,2004-11-21
790,3.1,2004-11-22
791,0.3,2004-11-23
792,1.1,2004-11-24
793,76.7,2004-11-25
794,57.4,2004-11-26
795,115.4,2004-11-27
796,27.4,2004-11-28
797,1.1,2004-11-29
798,1.5,2004-11-30
799,1.1,2004-12-01
800,0.6,2004-12-02
801,72.6,2004-12-03
802,1.8,2004-12-04
803,0.9,2004-12-05
804,1.0,2004-12-06
805,1.1,2004-12-07
806,0.8,2004-12-08
807,17.0,2004-12-09
808,1.4,2004-12-10
809,1.0,2004-12-11
810,80.3,2004-12-12
811,2.0,2004-12-13
812,0.5,2004-12-14
813,0.3,2004-12-15
814,0.7,2004-12-16
815,0.3,2004-12-17
816,9.1,2004-12-18
817,1.0,2004-12-19
818,2.0,2004-12-20
819,12.2,2004-12-21
820,0.6,2004-12-22
821,13.1,2004-12-23
822,86.5,2004-12-24
823,35.8,2004-12-25
824,25.5,2004-12-26
825,44.1,2004-12-27
826,0.8,2004-12-28
827,1.1,2004-12-29
828,0.6,2004-12-30
829,77.7,2004-12-31
830,44.8,2005-01-01
831,65.7,2005-11-01
832,3.6,2005-11-02
833,2.5,2005-11-03
834,0.2,2005-11-04
835,0.1,2005-11-05
836,0.4,2005-11-06
837,0.2,2005-11-07
838,4.8,2005-11-08
839,-,2005-11-09
840,-,2005-11-10
841,3.3,2005-11-11
842,0.1,2005-11-12
843,28.9,2005-11-13
844,0.2,2005-11-14
845,3.7,2005-11-15
846,97.9,2005-11-16
847,1.8,2005-11-17
848,31.7,2005-11-18
849,31.2,2005-11-19
850,0.6,2005-11-20
851,4.7,2005-11-21
852,17.6,2005-11-22
853,0.1,2005-11-23
854,0.1,2005-11-24
855,0.1,2005-11-25
856,0.5,2005-11-26
857,3.1,2005-11-27
858,0.1,2005-11-28
859,0.5,2005-11-29
860,0.4,2005-11-30
861,8.7,2005-12-01
862,0.2,2005-12-02
863,4,2005-12-03
864,46.8,2005-12-04
865,0.2,2005-12-05
866,0.2,2005-12-06
867,0.3,2005-12-07
868,0.2,2005-12-08
869,0.5,2005-12-09
870,1.4,2005-12-10
871,0.3,2005-12-11
872,37.6,2005-12-12
873,64.9,2005-12-13
874,40.7,2005-12-14
875,0.2,2005-12-15
876,14.3,2005-12-16
877,7.8,2005-12-17
878,50.9,2005-12-18
879,0.4,2005-12-19
880,0.4,2005-12-20
881,66.4,2005-12-21
882,43.6,2005-12-22
883,0.2,2005-12-23
884,0.1,2005-12-24
885,14.7,2005-12-25
886,1.3,2005-12-26
887,0.3,2005-12-27
888,2.5,2005-12-28
889,0.2,2005-12-29
890,0.3,2005-12-30
891,0.2,2005-12-31
892,0.4,2006-01-01
893,-,2006-11-01
894,116.9,2006-11-02
895,101.7,2006-11-03
896,122.9,2006-11-04
897,4.2,2006-11-05
898,3.2,2006-11-06
899,10.9,2006-11-07
900,126.3,2006-11-08
901,80.2,2006-11-09
902,76.6,2006-11-10
903,4.4,2006-11-11
904,3.6,2006-11-12
905,3.3,2006-11-13
906,3.9,2006-11-14
907,2.8,2006-11-15
908,2.9,2006-11-16
909,2.7,2006-11-17
910,2.8,2006-11-18
911,6.5,2006-11-19
912,17.2,2006-11-20
913,2.8,2006-11-21
914,-,2006-11-22
915,-,2006-11-23
916,-,2006-11-24
917,-,2006-11-25
918,-,2006-11-26
919,-,2006-11-27
920,-,2006-11-28
921,-,2006-11-29
922,-,2006-11-30
923,-,2006-12-01
924,-,2006-12-02
925,-,2006-12-03
926,-,2006-12-04
927,-,2006-12-05
928,-,2006-12-06
929,-,2006-12-07
930,-,2006-12-08
931,-,2006-12-09
932,-,2006-12-10
933,-,2006-12-11
934,-,2006-12-12
935,-,2006-12-13
936,-,2006-12-14
937,-,2006-12-15
938,-,2006-12-16
939,-,2006-12-17
940,-,2006-12-18
941,-,2006-12-19
942,-,2006-12-20
943,-,2006-12-21
944,-,2006-12-22
945,-,2006-12-23
946,-,2006-12-24
947,-,2006-12-25
948,-,2006-12-26
949,-,2006-12-27
950,-,2006-12-28
951,-,2006-12-29
952,-,2006-12-30
953,-,2006-12-31
954,-,2007-01-01
955,-,2013-11-01
956,-,2013-11-02
957,-,2013-11-03
958,-,2013-11-04
959,0.2,2013-11-05
960,101.5,2013-11-06
961,2.6,2013-11-07
962,0.6,2013-11-08
963,5,2013-11-09
964,-,2013-11-10
965,-,2013-11-11
966,0.6,2013-11-12
967,0.3,2013-11-13
968,-,2013-11-14
969,-,2013-11-15
970,103.4,2013-11-16
971,99.5,2013-11-17
972,-,2013-11-18
973,-,2013-11-19
974,-,2013-11-20
975,0.3,2013-11-21
976,0.6,2013-11-22
977,78.8,2013-11-23
978,94.1,2013-11-24
979,104.1,2013-11-25
980,66.2,2013-11-26
981,1.6,2013-11-27
982,-,2013-11-28
983,-,2013-11-29
984,2.3,2013-11-30
985,-,2013-12-01
986,-,2013-12-02
987,-,2013-12-03
988,-,2013-12-04
989,20.9,2013-12-05
990,0.3,2013-12-06
991,0.8,2013-12-07
992,1,2013-12-08
993,1.3,2013-12-09
994,1.5,2013-12-10
995,0.8,2013-12-11
996,0.7,2013-12-12
997,0.2,2013-12-13
998,1.2,2013-12-14
999,0.2,2013-12-15
1000,-,2013-12-16
1001,-,2013-12-17
1002,0.7,2013-12-18
1003,0.3,2013-12-19
1004,-,2013-12-20
1005,-,2013-12-21
1006,-,2013-12-22
1007,-,2013-12-23
1008,0.4,2013-12-24
1009,0.2,2013-12-25
1010,-,2013-12-26
1011,-,2013-12-27
1012,0.2,2013-12-28
1013,0.3,2013-12-29
1014,0.3,2013-12-30
1015,0.5,2013-12-31
1016,0.2,2014-01-01
1017,70.8,2014-11-01
1018,0.3,2014-11-02
1019,0.2,2014-11-03
1020,0.2,2014-11-04
1021,1.6,2014-11-05
1022,0.2,2014-11-06
1023,0.7,2014-11-07
1024,0.9,2014-11-08
1025,0.7,2014-11-09
1026,0.1,2014-11-10
1027,0.3,2014-11-11
1028,-,2014-11-12
1029,-,2014-11-13
1030,-,2014-11-14
1031,-,2014-11-15
1032,-,2014-11-16
1033,-,2014-11-17
1034,0.2,2014-11-18
1035,-,2014-11-19
1036,-,2014-11-20
1037,0.4,2014-11-21
1038,1.5,2014-11-22
1039,0.8,2014-11-23
1040,0.2,2014-11-24
1041,0.2,2014-11-25
1042,0.7,2014-11-26
1043,-,2014-11-27
1044,-,2014-11-28
1045,1.3,2014-11-29
1046,0.5,2014-11-30
1047,10.6,2014-12-01
1048,-,2014-12-02
1049,-,2014-12-03
1050,-,2014-12-04
1051,-,2014-12-05
1052,0.6,2014-12-06
1053,-,2014-12-07
1054,-,2014-12-08
1055,0.6,2014-12-09
1056,0.2,2014-12-10
1057,0.6,2014-12-11
1058,-,2014-12-12
1059,-,2014-12-13
1060,1,2014-12-14
1061,-,2014-12-15
1062,-,2014-12-16
1063,-,2014-12-17
1064,1.1,2014-12-18
1065,0.4,2014-12-19
1066,2.1,2014-12-20
1067,1.3,2014-12-21
1068,-,2014-12-22
1069,-,2014-12-23
1070,0.3,2014-12-24
1071,24.1,2014-12-25
1072,15.8,2014-12-26
1073,-,2014-12-27
1074,-,2014-12-28
1075,32.1,2014-12-29
1076,0.9,2014-12-30
1077,8.8,2014-12-31
1078,0.6,2015-01-01
1079,10.6,2014-12-01
1080,-,2014-12-02
1081,-,2014-12-03
1082,-,2014-12-04
1083,-,2014-12-05
1084,0.6,2014-12-06
1085,-,2014-12-07
1086,-,2014-12-08
1087,0.6,2014-12-09
1088,0.2,2014-12-10
1089,0.6,2014-12-11
1090,-,2014-12-12
1091,-,2014-12-13
1092,1,2014-12-14
1093,-,2014-12-15
1094,-,2014-12-16
1095,-,2014-12-17
1096,1.1,2014-12-18
1097,0.4,2014-12-19
1098,2.1,2014-12-20
1099,1.3,2014-12-21
1100,-,2014-12-22
1101,-,2014-12-23
1102,0.3,2014-12-24
1103,24.1,2014-12-25
1104,15.8,2014-12-26
1105,-,2014-12-27
1106,-,2014-12-28
1107,32.1,2014-12-29
1108,0.9,2014-12-30
1109,8.8,2014-12-31
1110,0.6,2015-01-01
1111,-,2015-01-02
1112,-,2015-01-03
1113,-,2015-01-04
1114,-,2015-01-05
1115,93.3,2015-01-06
1116,0.2,2015-01-07
1117,0.5,2015-01-08
1118,0.9,2015-01-09
1119,-,2015-01-10
1120,-,2015-01-11
1121,34.7,2015-01-12
1122,0.6,2015-01-13
1123,0.9,2015-01-14
1124,-,2015-01-15
1125,-,2015-01-16
1126,-,2015-01-17
1127,0.5,2015-01-18
1128,-,2015-01-19
1129,-,2015-01-20
1130,-,2015-01-21
1131,-,2015-01-22
1132,0.8,2015-01-23
1133,0.7,2015-01-24
1134,0.4,2015-01-25
1135,0.5,2015-01-26
1136,0.4,2015-01-27
1137,0.5,2015-01-28
1138,-,2015-01-29
1139,-,2015-01-30
1140,-,2015-01-31
1141,-,2015-02-01
1142,1.0,2015-12-01
1143,102.5,2015-12-02
1144,1.4,2015-12-03
1145,0.4,2015-12-04
1146,3.9,2015-12-05
1147,0.2,2015-12-06
1148,14.2,2015-12-07
1149,35.9,2015-12-08
1150,0.0,2015-12-09
1151,0.1,2015-12-10
1152,4.1,2015-12-11
1153,2.8,2015-12-12
1154,0.9,2015-12-13
1155,54.6,2015-12-14
1156,1.1,2015-12-15
1157,8.1,2015-12-16
1158,0.4,2015-12-17
1159,0.4,2015-12-18
1160,63.7,2015-12-19
1161,0.4,2015-12-20
1162,0.0,2015-12-21
1163,0.2,2015-12-22
1164,16.4,2015-12-23
1165,49.2,2015-12-24
1166,0.4,2015-12-25
1167,34.5,2015-12-26
1168,74.3,2015-12-27
1169,76.6,2015-12-28
1170,0.8,2015-12-29
1171,1.1,2015-12-30
1172,-0.1,2015-12-31
1173,-0.1,2016-01-01
1174,41.4,2016-01-02
1175,1.0,2016-01-03
1176,63.4,2016-01-04
1177,54.0,2016-01-05
1178,80.4,2016-01-06
1179,77.3,2016-01-07
1180,52.4,2016-01-08
1181,38.9,2016-01-09
1182,31.4,2016-01-10
1183,0.0,2016-01-11
1184,0.1,2016-01-12
1185,1.7,2016-01-13
1186,28.8,2016-01-14
1187,1.8,2016-01-15
1188,66.9,2016-01-16
1189,36.5,2016-01-17
1190,0.8,2016-01-18
1191,1.2,2016-01-19
1192,56.8,2016-01-20
1193,122.2,2016-01-21
1194,19.2,2016-01-22
1195,21.1,2016-01-23
1196,1.0,2016-01-24
1197,1.5,2016-01-25
1198,0.9,2016-01-26
1199,0.8,2016-01-27
1200,0.6,2016-01-28
1201,0.8,2016-01-29
1202,0.9,2016-01-30
1203,0.7,2016-01-31
1204,0.8,2016-02-01
1205,80.4,2016-12-01
1206,0.7,2016-12-02
1207,4.2,2016-12-03
1208,54.5,2016-12-04
1209,34.6,2016-12-05
1210,92.3,2016-12-06
1211,1.2,2016-12-07
1212,1.7,2016-12-08
1213,0.6,2016-12-09
1214,31.7,2016-12-10
1215,2.2,2016-12-11
1216,39.2,2016-12-12
1217,1.5,2016-12-13
1218,1.0,2016-12-14
1219,1.0,2016-12-15
1220,1.6,2016-12-16
1221,1.7,2016-12-17
1222,1.2,2016-12-18
1223,1.1,2016-12-19
1224,0.8,2016-12-20
1225,0.4,2016-12-21
1226,0.4,2016-12-22
1227,0.7,2016-12-23
1228,0.5,2016-12-24
1229,1.1,2016-12-25
1230,3.4,2016-12-26
1231,23.7,2016-12-27
1232,75.4,2016-12-28
1233,1.0,2016-12-29
1234,0.8,2016-12-30
1235,0.3,2016-12-31
1236,30.9,2017-01-01
1237,1.1,2017-01-02
1238,4.5,2017-01-03
1239,79.0,2017-01-04
1240,97.0,2017-01-05
1241,78.7,2017-01-06
1242,0.8,2017-01-07
1243,1.2,2017-01-08
1244,10.3,2017-01-09
1245,0.5,2017-01-10
1246,0.0,2017-01-11
1247,-0.3,2017-01-12
1248,0.6,2017-01-13
1249,10.2,2017-01-14
1250,1.5,2017-01-15
1251,2.2,2017-01-16
1252,1.4,2017-01-17
1253,0.9,2017-01-18
1254,41.3,2017-01-19
1255,1.4,2017-01-20
1256,64.6,2017-01-21
1257,51.2,2017-01-22
1258,1.4,2017-01-23
1259,53.3,2017-01-24
1260,1.0,2017-01-25
1261,1.0,2017-01-26
1262,133.8,2017-01-27
1263,0.8,2017-01-28
1264,0.3,2017-01-29
1265,1.5,2017-01-30
1266,1.5,2017-01-31
1267,1.2,2017-02-01
1268,0.6,2017-12-01
1269,1.4,2017-12-02
1270,1.0,2017-12-03
1271,1.3,2017-12-04
1272,17.4,2017-12-05
1273,31.2,2017-12-06
1274,0.7,2017-12-07
1275,0.6,2017-12-08
1276,0.9,2017-12-09
1277,0.1,2017-12-10
1278,1.1,2017-12-11
1279,0.4,2017-12-12
1280,66.3,2017-12-13
1281,0.4,2017-12-14
1282,0.1,2017-12-15
1283,0.8,2017-12-16
1284,4.3,2017-12-17
1285,5.9,2017-12-18
1286,1.7,2017-12-19
1287,0.9,2017-12-20
1288,1.5,2017-12-21
1289,1.7,2017-12-22
1290,1.4,2017-12-23
1291,46.3,2017-12-24
1292,5.3,2017-12-25
1293,0.9,2017-12-26
1294,3.6,2017-12-27
1295,0.5,2017-12-28
1296,0.7,2017-12-29
1297,1.3,2017-12-30
1298,0.5,2017-12-31
1299,0.2,2018-01-01
1300,1.2,2018-01-02
1301,0.9,2018-01-03
1302,0.1,2018-01-04
1303,0.2,2018-01-05
1304,1.4,2018-01-06
1305,41.4,2018-01-07
1306,69.8,2018-01-08
1307,47.3,2018-01-09
1308,2.2,2018-01-10
1309,1.2,2018-01-11
1310,6.2,2018-01-12
1311,1.1,2018-01-13
1312,0.5,2018-01-14
1313,0.2,2018-01-15
1314,37.0,2018-01-16
1315,6.3,2018-01-17
1316,0.5,2018-01-18
1317,55.3,2018-01-19
1318,1.9,2018-01-20
1319,10.7,2018-01-21
1320,2.4,2018-01-22
1321,2.1,2018-01-23
1322,0.7,2018-01-24
1323,0.4,2018-01-25
1324,0.9,2018-01-26
1325,0.9,2018-01-27
1326,0.5,2018-01-28
1327,0.4,2018-01-29
1328,1.0,2018-01-30
1329,24.3,2018-01-31
1330,0.1,2018-02-01
1331,19.9,2018-12-01
1332,0.5,2018-12-02
1333,0.0,2018-12-03
1334,0.3,2018-12-04
1335,0.8,2018-12-05
1336,50.0,2018-12-06
1337,0.3,2018-12-07
1338,0.3,2018-12-08
1339,0.1,2018-12-09
1340,0.0,2018-12-10
1341,0.7,2018-12-11
1342,0.8,2018-12-12
1343,0.3,2018-12-13
1344,0.8,2018-12-14
1345,1.3,2018-12-15
1346,0.4,2018-12-16
1347,0.2,2018-12-17
1348,0.9,2018-12-18
1349,1.2,2018-12-19
1350,11.4,2018-12-20
1351,0.0,2018-12-21
1352,0.4,2018-12-22
1353,2.6,2018-12-23
1354,8.9,2018-12-24
1355,1.4,2018-12-25
1356,42.6,2018-12-26
1357,1.9,2018-12-27
1358,1.8,2018-12-28
1359,1.7,2018-12-29
1360,1.8,2018-12-30
1361,0.8,2018-12-31
1362,0.7,2019-01-01
1363,0.5,2019-01-02
1364,89.1,2019-01-03
1365,1.7,2019-01-04
1366,1.6,2019-01-05
1367,2.1,2019-01-06
1368,2.5,2019-01-07
1369,0.6,2019-01-08
1370,2.0,2019-01-09
1371,2.3,2019-01-10
1372,78.5,2019-01-11
1373,43.1,2019-01-12
1374,1.8,2019-01-13
1375,3.6,2019-01-14
1376,1.5,2019-01-15
1377,15.0,2019-01-16
1378,0.7,2019-01-17
1379,35.5,2019-01-18
1380,5.9,2019-01-19
1381,76.3,2019-01-20
1382,124.4,2019-01-21
1383,11.7,2019-01-22
1384,2.4,2019-01-23
1385,12.3,2019-01-24
1386,1.3,2019-01-25
1387,2.0,2019-01-26
1388,162.6,2019-01-27
1389,0.9,2019-01-28
1390,0.4,2019-01-29
1391,2.9,2019-01-30
1392,1.8,2019-01-31
1393,1.1,2019-02-01
1394,54.6,2019-12-01
1395,62.9,2019-12-02
1396,57.3,2019-12-03
1397,5.7,2019-12-04
1398,0.5,2019-12-05
1399,0.7,2019-12-06
1400,0.5,2019-12-07
1401,6.4,2019-12-08
1402,0.3,2019-12-09
1403,51.5,2019-12-10
1404,0.7,2019-12-11
1405,0.5,2019-12-12
1406,0.5,2019-12-13
1407,0.1,2019-12-14
1408,0.3,2019-12-15
1409,1.2,2019-12-16
1410,1.2,2019-12-17
1411,0.5,2019-12-18
1412,2.9,2019-12-19
1413,0.6,2019-12-20
1414,0.5,2019-12-21
1415,0.5,2019-12-22
1416,1.2,2019-12-23
1417,1.1,2019-12-24
1418,1.3,2019-12-25
1419,0.6,2019-12-26
1420,14.9,2019-12-27
1421,24,2019-12-28
1422,1.1,2019-12-29
1423,0.4,2019-12-30
1424,0.3,2019-12-31
1425,16.6,2020-01-01
1426,3.5,2020-01-02
1427,0.3,2020-01-03
1428,10.2,2020-01-04
1429,58.9,2020-01-05
1430,1.2,2020-01-06
1431,0.6,2020-01-07
1432,0,2020-01-08
1433,69.8,2020-01-09
1434,74.1,2020-01-10
1435,11.7,2020-01-11
1436,0.9,2020-01-12
1437,1.3,2020-01-13
1438,0.7,2020-01-14
1439,0.4,2020-01-15
1440,0.6,2020-01-16
1441,-,2020-01-17
1442,-,2020-01-18
1443,-,2020-01-19
1444,-,2020-01-20
1445,78.1,2020-01-21
1446,85.3,2020-01-22
1447,5.3,2020-01-23
1448,28.3,2020-01-24
1449,31.8,2020-01-25
1450,20.4,2020-01-26
1451,0.1,2020-01-27
1452,0.5,2020-01-28
1453,0,2020-01-29
1454,0.1,2020-01-30
1455,0.6,2020-01-31
1456,0.6,2020-02-01
1457,1.3,2020-12-01
1458,0.7,2020-12-02
1459,0.1,2020-12-03
1460,0.0,2020-12-04
1461,0.3,2020-12-05
1462,0.2,2020-12-06
1463,52.6,2020-12-07
1464,68.0,2020-12-08
1465,0.2,2020-12-09
1466,0.1,2020-12-10
1467,0.1,2020-12-11
1468,0.3,2020-12-12
1469,0.6,2020-12-13
1470,1.4,2020-12-14
1471,0.4,2020-12-15
1472,0.6,2020-12-16
1473,0.8,2020-12-17
1474,0.4,2020-12-18
1475,0.9,2020-12-19
1476,0.4,2020-12-20
1477,0.3,2020-12-21
1478,0.3,2020-12-22
1479,0.7,2020-12-23
1480,2.3,2020-12-24
1481,0.7,2020-12-25
1482,1.3,2020-12-26
1483,0.0,2020-12-27
1484,0.0,2020-12-28
1485,-0.2,2020-12-29
1486,0.2,2020-12-30
1487,1.4,2020-12-31
1488,1.7,2021-01-01
1489,0.7,2021-01-02
1490,0.7,2021-01-03
1491,0.8,2021-01-04
1492,0.7,2021-01-05
1493,0.9,2021-01-06
1494,-0.1,2021-01-07
1495,0.1,2021-01-08
1496,0.6,2021-01-09
1497,0.6,2021-01-10
1498,1.7,2021-01-11
1499,0.1,2021-01-12
1500,-0.3,2021-01-13
1501,68.5,2021-01-14
1502,73.5,2021-01-15
1503,119.0,2021-01-16
1504,4.6,2021-01-17
1505,1.8,2021-01-18
1506,1.3,2021-01-19
1507,16.1,2021-01-20
1508,0.1,2021-01-21
1509,0.5,2021-01-22
1510,0.5,2021-01-23
1511,1.1,2021-01-24
1512,0.2,2021-01-25
1513,0.9,2021-01-26
1514,1.1,2021-01-27
1515,1.8,2021-01-28
1516,1.4,2021-01-29
1517,1.0,2021-01-30
1518,1.9,2021-01-31
1519,7.5,2021-02-01
1520,87.5,2021-12-01
1521,1.0,2021-12-02
1522,9.8,2021-12-03
1523,13.9,2021-12-04
1524,93.9,2021-12-05
1525,33.8,2021-12-06
1526,85.8,2021-12-07
1527,18.8,2021-12-08
1528,1.2,2021-12-09
1529,0.6,2021-12-10
1530,0.4,2021-12-11
1531,1.8,2021-12-12
1532,2.1,2021-12-13
1533,1.0,2021-12-14
1534,1.0,2021-12-15
1535,3.2,2021-12-16
1536,69.4,2021-12-17
1537,1.0,2021-12-18
1538,17.1,2021-12-19
1539,63.2,2021-12-20
1540,70.8,2021-12-21
1541,30.2,2021-12-22
1542,1.2,2021-12-23
1543,37.1,2021-12-24
1544,3.2,2021-12-25
1545,27.7,2021-12-26
1546,52.3,2021-12-27
1547,1.6,2021-12-28
1548,0.7,2021-12-29
1549,0.8,2021-12-30
1550,1.3,2021-12-31
1551,58.2,2022-01-01
1552,1.8,2022-01-02
1553,0.9,2022-01-03
1554,0.7,2022-01-04
1555,1.1,2022-01-05
1556,29.1,2022-01-06
1557,55.1,2022-01-07
1558,1.8,2022-01-08
1559,1.0,2022-01-09
1560,102.5,2022-01-10
1561,9.6,2022-01-11
1562,1.1,2022-01-12
1563,14.7,2022-01-13
1564,9.2,2022-01-14
1565,90.5,2022-01-15
1566,0.9,2022-01-16
1567,118.9,2022-01-17
1568,3.7,2022-01-18
1569,2.8,2022-01-19
1570,0.5,2022-01-20
1571,0.3,2022-01-21
1572,2.1,2022-01-22
1573,2.0,2022-01-23
1574,0.9,2022-01-24
1575,142.4,2022-01-25
1576,1.8,2022-01-26
1577,1.0,2022-01-27
1578,0.4,2022-01-28
1579,1.1,2022-01-29
1580,0.2,2022-01-30
1581,0.6,2022-01-31
1582,3.3,2022-02-01
1583,-,2015-02-01
1584,1.2,2015-02-02
1585,0.6,2015-02-03
1586,1.1,2015-02-04
1587,1.1,2015-02-05
1588,58.3,2015-02-06
1589,-,2015-02-07
1590,-,2015-02-08
1591,1.6,2015-02-09
1592,190.2,2015-02-10
1593,145.8,2015-02-11
1594,0.5,2015-02-12
1595,0.9,2015-02-13
1596,-,2015-02-14
1597,-,2015-02-15
1598,-,2015-02-16
1599,-,2015-02-17
1600,139.5,2015-02-18
1601,0.5,2015-02-19
1602,-,2015-02-20
1603,-,2015-02-21
1604,-,2015-02-22
1605,-,2015-02-23
1606,-,2015-02-24
1607,0.4,2015-02-25
1608,0.4,2015-02-26
1609,0.3,2015-02-27
1610,0.4,2015-02-28
1611,-,2015-03-01
1612,-,2015-03-02
1613,0.6,2015-03-03
1614,0.9,2015-03-04
1615,21.7,2015-03-05
1616,0.5,2015-03-06
1617,0.7,2015-03-07
1618,4.2,2015-03-08
1619,251.2,2015-03-09
1620,0.6,2015-03-10
1621,230.8,2015-03-11
1622,-,2015-03-12
1623,-,2015-03-13
1624,-,2015-03-14
1625,-,2015-03-15
1626,-,2015-03-16
1627,335.7,2015-03-17
1628,256.4,2015-03-18
1629,215.7,2015-03-19
1630,-,2015-03-20
1631,-,2015-03-21
1632,-,2015-03-22
1633,-,2015-03-23
1634,-,2015-03-24
1635,-,2015-03-25
1636,-,2015-03-26
1637,16.3,2015-03-27
1638,-,2015-03-28
1639,-,2015-03-29
1640,-,2015-03-30
1641,2.9,2015-03-31
1642,39,2015-04-01
1643,0.8,2016-02-01
1644,0.9,2016-02-02
1645,20.9,2016-02-03
1646,1.2,2016-02-04
1647,18.1,2016-02-05
1648,0.8,2016-02-06
1649,0.9,2016-02-07
1650,0.2,2016-02-08
1651,0.4,2016-02-09
1652,0.6,2016-02-10
1653,0.3,2016-02-11
1654,0.6,2016-02-12
1655,84.9,2016-02-13
1656,0.1,2016-02-14
1657,1.0,2016-02-15
1658,120.9,2016-02-16
1659,57.9,2016-02-17
1660,0.2,2016-02-18
1661,0.4,2016-02-19
1662,0.0,2016-02-20
1663,-0.4,2016-02-21
1664,1.5,2016-02-22
1665,17.7,2016-02-23
1666,1.0,2016-02-24
1667,1.5,2016-02-25
1668,6.2,2016-02-26
1669,190.8,2016-02-27
1670,2.7,2016-02-28
1671,236.1,2016-02-29
1672,71.7,2016-03-01
1673,66.3,2016-03-02
1674,0.4,2016-03-03
1675,0.2,2016-03-04
1676,0.8,2016-03-05
1677,0.5,2016-03-06
1678,-0.3,2016-03-07
1679,23.6,2016-03-08
1680,37.0,2016-03-09
1681,1.8,2016-03-10
1682,1.0,2016-03-11
1683,2.4,2016-03-12
1684,2.0,2016-03-13
1685,80.0,2016-03-14
1686,208.5,2016-03-15
1687,183.3,2016-03-16
1688,144.9,2016-03-17
1689,199.6,2016-03-18
1690,227.7,2016-03-19
1691,168.1,2016-03-20
1692,98.5,2016-03-21
1693,347.5,2016-03-22
1694,2.4,2016-03-23
1695,1.0,2016-03-24
1696,0.5,2016-03-25
1697,1.1,2016-03-26
1698,210.8,2016-03-27
1699,41.7,2016-03-28
1700,259.2,2016-03-29
1701,28.3,2016-03-30
1702,100.6,2016-03-31
1703,47.6,2016-04-01
1704,1.2,2017-02-01
1705,0.5,2017-02-02
1706,0.5,2017-02-03
1707,1.4,2017-02-04
1708,0.4,2017-02-05
1709,117.9,2017-02-06
1710,209.6,2017-02-07
1711,213.2,2017-02-08
1712,216.1,2017-02-09
1713,145.4,2017-02-10
1714,2.8,2017-02-11
1715,1.8,2017-02-12
1716,98.2,2017-02-13
1717,199.4,2017-02-14
1718,129.5,2017-02-15
1719,97.1,2017-02-16
1720,1.7,2017-02-17
1721,101.8,2017-02-18
1722,1.3,2017-02-19
1723,0.9,2017-02-20
1724,241.9,2017-02-21
1725,5.6,2017-02-22
1726,1.7,2017-02-23
1727,17.7,2017-02-24
1728,173.1,2017-02-25
1729,1.0,2017-02-26
1730,0.6,2017-02-27
1731,0.2,2017-02-28
1732,1.7,2017-03-01
1733,1.3,2017-03-02
1734,8.0,2017-03-03
1735,84.2,2017-03-04
1736,285.5,2017-03-05
1737,300.9,2017-03-06
1738,13.1,2017-03-07
1739,-0.3,2017-03-08
1740,0.4,2017-03-09
1741,1.1,2017-03-10
1742,286.3,2017-03-11
1743,173.6,2017-03-12
1744,130.6,2017-03-13
1745,0.6,2017-03-14
1746,184.4,2017-03-15
1747,322.0,2017-03-16
1748,11.0,2017-03-17
1749,70.1,2017-03-18
1750,364.6,2017-03-19
1751,294.1,2017-03-20
1752,0.2,2017-03-21
1753,3.3,2017-03-22
1754,361.5,2017-03-23
1755,222.6,2017-03-24
1756,23.0,2017-03-25
1757,127.3,2017-03-26
1758,159.8,2017-03-27
1759,225.3,2017-03-28
1760,296.4,2017-03-29
1761,254.3,2017-03-30
1762,1.0,2017-03-31
1763,0.6,2017-04-01
1764,0.1,2018-02-01
1765,0.8,2018-02-02
1766,1.1,2018-02-03
1767,150.6,2018-02-04
1768,196.4,2018-02-05
1769,1.4,2018-02-06
1770,14.7,2018-02-07
1771,22.1,2018-02-08
1772,0.5,2018-02-09
1773,1.0,2018-02-10
1774,0.6,2018-02-11
1775,0.2,2018-02-12
1776,0.2,2018-02-13
1777,1.3,2018-02-14
1778,0.1,2018-02-15
1779,0.6,2018-02-16
1780,45.9,2018-02-17
1781,61.5,2018-02-18
1782,191.7,2018-02-19
1783,255.1,2018-02-20
1784,244.1,2018-02-21
1785,248.4,2018-02-22
1786,188.9,2018-02-23
1787,271.0,2018-02-24
1788,80.5,2018-02-25
1789,38.8,2018-02-26
1790,234.6,2018-02-27
1791,277.0,2018-02-28
1792,298.3,2018-03-01
1793,285.4,2018-03-02
1794,234.6,2018-03-03
1795,216.9,2018-03-04
1796,133.8,2018-03-05
1797,60.5,2018-03-06
1798,239.8,2018-03-07
1799,1.4,2018-03-08
1800,0.1,2018-03-09
1801,0.3,2018-03-10
1802,0.5,2018-03-11
1803,0.2,2018-03-12
1804,0.8,2018-03-13
1805,1.5,2018-03-14
1806,301.8,2018-03-15
1807,344.4,2018-03-16
1808,229.9,2018-03-17
1809,15.6,2018-03-18
1810,29.7,2018-03-19
1811,58.0,2018-03-20
1812,35.9,2018-03-21
1813,5.5,2018-03-22
1814,175.8,2018-03-23
1815,6.3,2018-03-24
1816,172.6,2018-03-25
1817,403.2,2018-03-26
1818,292.2,2018-03-27
1819,171.8,2018-03-28
1820,418.5,2018-03-29
1821,429.4,2018-03-30
1822,386.0,2018-03-31
1823,275.3,2018-04-01
1824,1.1,2019-02-01
1825,0.2,2019-02-02
1826,0.3,2019-02-03
1827,37.4,2019-02-04
1828,1.2,2019-02-05
1829,89.9,2019-02-06
1830,1.2,2019-02-07
1831,0.2,2019-02-08
1832,0.5,2019-02-09
1833,0.5,2019-02-10
1834,0.7,2019-02-11
1835,182.7,2019-02-12
1836,1.6,2019-02-13
1837,24.3,2019-02-14
1838,26.0,2019-02-15
1839,208.4,2019-02-16
1840,220.5,2019-02-17
1841,1.0,2019-02-18
1842,1.1,2019-02-19
1843,3.3,2019-02-20
1844,264.9,2019-02-21
1845,252.1,2019-02-22
1846,118.3,2019-02-23
1847,23.6,2019-02-24
1848,165.9,2019-02-25
1849,5.0,2019-02-26
1850,7.6,2019-02-27
1851,14.1,2019-02-28
1852,286.6,2019-03-01
1853,109.9,2019-03-02
1854,145.5,2019-03-03
1855,0.7,2019-03-04
1856,183.9,2019-03-05
1857,204.0,2019-03-06
1858,0.4,2019-03-07
1859,0.8,2019-03-08
1860,52.6,2019-03-09
1861,127.2,2019-03-10
1862,30.8,2019-03-11
1863,145.9,2019-03-12
1864,40.1,2019-03-13
1865,0.2,2019-03-14
1866,0.8,2019-03-15
1867,0.2,2019-03-16
1868,4.2,2019-03-17
1869,0.4,2019-03-18
1870,2.0,2019-03-19
1871,21.9,2019-03-20
1872,42.3,2019-03-21
1873,366.5,2019-03-22
1874,1.5,2019-03-23
1875,309.7,2019-03-24
1876,108.6,2019-03-25
1877,402.8,2019-03-26
1878,36.1,2019-03-27
1879,120.4,2019-03-28
1880,248.4,2019-03-29
1881,81.0,2019-03-30
1882,131.4,2019-03-31
1883,417.0,2019-04-01
1884,0.6,2020-02-01
1885,4.1,2020-02-02
1886,133.4,2020-02-03
1887,166.0,2020-02-04
1888,33.3,2020-02-05
1889,192.4,2020-02-06
1890,10.6,2020-02-07
1891,1.0,2020-02-08
1892,0.6,2020-02-09
1893,0.3,2020-02-10
1894,2.9,2020-02-11
1895,1.0,2020-02-12
1896,15.9,2020-02-13
1897,31.9,2020-02-14
1898,0.9,2020-02-15
1899,0.3,2020-02-16
1900,0.9,2020-02-17
1901,10.2,2020-02-18
1902,6.2,2020-02-19
1903,32.9,2020-02-20
1904,0.3,2020-02-21
1905,0.5,2020-02-22
1906,31.9,2020-02-23
1907,233.7,2020-02-24
1908,250.4,2020-02-25
1909,99.5,2020-02-26
1910,284.4,2020-02-27
1911,293.6,2020-02-28
1912,5.6,2020-02-29
1913,0.3,2020-03-01
1914,1.4,2020-03-02
1915,0.4,2020-03-03
1916,-0.1,2020-03-04
1917,2.8,2020-03-05
1918,75.5,2020-03-06
1919,42.6,2020-03-07
1920,111.3,2020-03-08
1921,0.4,2020-03-09
1922,0.5,2020-03-10
1923,0.4,2020-03-11
1924,7.9,2020-03-12
1925,121.5,2020-03-13
1926,258.9,2020-03-14
1927,145.8,2020-03-15
1928,210.4,2020-03-16
1929,28.6,2020-03-17
1930,3.7,2020-03-18
1931,206.8,2020-03-19
1932,336.4,2020-03-20
1933,122.9,2020-03-21
1934,316.4,2020-03-22
1935,123.7,2020-03-23
1936,261.7,2020-03-24
1937,173.2,2020-03-25
1938,231.3,2020-03-26
1939,190.0,2020-03-27
1940,202.1,2020-03-28
1941,316.7,2020-03-29
1942,145.5,2020-03-30
1943,105.3,2020-03-31
1944,256.4,2020-04-01
1945,7.5,2021-02-01
1946,82.4,2021-02-02
1947,73.6,2021-02-03
1948,104.6,2021-02-04
1949,183.7,2021-02-05
1950,4.3,2021-02-06
1951,19.3,2021-02-07
1952,66.4,2021-02-08
1953,202.5,2021-02-09
1954,6.0,2021-02-10
1955,188.1,2021-02-11
1956,17.3,2021-02-12
1957,115.6,2021-02-13
1958,171.0,2021-02-14
1959,144.4,2021-02-15
1960,116.4,2021-02-16
1961,246.6,2021-02-17
1962,111.7,2021-02-18
1963,1.6,2021-02-19
1964,0.8,2021-02-20
1965,1.1,2021-02-21
1966,0.7,2021-02-22
1967,0.5,2021-02-23
1968,1.4,2021-02-24
1969,0.9,2021-02-25
1970,22.3,2021-02-26
1971,276.5,2021-02-27
1972,256.4,2021-02-28
1973,30.2,2021-03-01
1974,254.7,2021-03-02
1975,113.3,2021-03-03
1976,142.9,2021-03-04
1977,277.9,2021-03-05
1978,2.3,2021-03-06
1979,4.7,2021-03-07
1980,207.9,2021-03-08
1981,2.2,2021-03-09
1982,325.4,2021-03-10
1983,1.1,2021-03-11
1984,0.2,2021-03-12
1985,18.8,2021-03-13
1986,0.8,2021-03-14
1987,4.3,2021-03-15
1988,40.0,2021-03-16
1989,6.7,2021-03-17
1990,243.8,2021-03-18
1991,349.4,2021-03-19
1992,1.4,2021-03-20
1993,42.8,2021-03-21
1994,350.8,2021-03-22
1995,169.0,2021-03-23
1996,88.7,2021-03-24
1997,101.2,2021-03-25
1998,161.8,2021-03-26
1999,124.7,2021-03-27
2000,23.2,2021-03-28
2001,0.3,2021-03-29
2002,124.8,2021-03-30
2003,251.3,2021-03-31
2004,342.8,2021-04-01
2005,3.3,2022-02-01
2006,15.6,2022-02-02
2007,80.8,2022-02-03
2008,1.3,2022-02-04
2009,1.1,2022-02-05
2010,0.8,2022-02-06
2011,6.5,2022-02-07
2012,1.1,2022-02-08
2013,46.0,2022-02-09
2014,163.1,2022-02-10
2015,146.6,2022-02-11
2016,73.1,2022-02-12
2017,0.8,2022-02-13
2018,1.0,2022-02-14
2019,1.1,2022-02-15
2020,0.8,2022-02-16
2021,0.6,2022-02-17
2022,4.6,2022-02-18
2023,1.8,2022-02-19
2024,1.9,2022-02-20
2025,1.1,2022-02-21
2026,19.8,2022-02-22
2027,47.6,2022-02-23
2028,0.7,2022-02-24
2029,0.4,2022-02-25
2030,274.0,2022-02-26
2031,177.6,2022-02-27
2032,275.4,2022-02-28
2033,287.6,2022-03-01
2034,55.3,2022-03-02
2035,298.5,2022-03-03
2036,304.7,2022-03-04
2037,241.0,2022-03-05
2038,234.3,2022-03-06
2039,2.0,2022-03-07
2040,2.1,2022-03-08
2041,0.2,2022-03-09
2042,2.4,2022-03-10
2043,1.7,2022-03-11
2044,302.9,2022-03-12
2045,279.9,2022-03-13
2046,351.9,2022-03-14
2047,310.0,2022-03-15
2048,351.6,2022-03-16
2049,348.0,2022-03-17
2050,60.3,2022-03-18
2051,233.0,2022-03-19
2052,359.4,2022-03-20
2053,371.5,2022-03-21
2054,280.1,2022-03-22
2055,129.0,2022-03-23
2056,53.8,2022-03-24
2057,24.6,2022-03-25
2058,25.5,2022-03-26
2059,103.5,2022-03-27
2060,79.2,2022-03-28
2061,244.9,2022-03-29
2062,107.4,2022-03-30
2063,240.1,2022-03-31
2064,239.5,2022-04-01
2065,54.1,2004-03-01
2066,31.8,2004-03-02
2067,157.4,2004-03-03
2068,312.4,2004-03-04
2069,190.5,2004-03-05
2070,189.6,2004-03-06
2071,125.2,2004-03-07
2072,1.5,2004-03-08
2073,297.5,2004-03-09
2074,283.0,2004-03-10
2075,285.1,2004-03-11
2076,294.4,2004-03-12
2077,241.8,2004-03-13
2078,3.7,2004-03-14
2079,0.6,2004-03-15
2080,4.1,2004-03-16
2081,214.9,2004-03-17
2082,113.7,2004-03-18
2083,301.7,2004-03-19
2084,0.4,2004-03-20
2085,1.5,2004-03-21
2086,11.9,2004-03-22
2087,17.2,2004-03-23
2088,2.0,2004-03-24
2089,6.4,2004-03-25
2090,133.7,2004-03-26
2091,124.2,2004-03-27
2092,371.0,2004-03-28
2093,143.9,2004-03-29
2094,94.8,2004-03-30
2095,401.9,2004-03-31
2096,424.2,2004-04-01
2097,399.6,2004-04-02
2098,405.6,2004-04-03
2099,387.3,2004-04-04
2100,87.6,2004-04-05
2101,89.2,2004-04-06
2102,271.8,2004-04-07
2103,403.5,2004-04-08
2104,363.2,2004-04-09
2105,217.7,2004-04-10
2106,128.7,2004-04-11
2107,357.5,2004-04-12
2108,388.0,2004-04-13
2109,10.2,2004-04-14
2110,315.8,2004-04-15
2111,167.5,2004-04-16
2112,352.9,2004-04-17
2113,107.9,2004-04-18
2114,329.8,2004-04-19
2115,14.8,2004-04-20
2116,45.5,2004-04-21
2117,311.1,2004-04-22
2118,362.8,2004-04-23
2119,230.7,2004-04-24
2120,430.0,2004-04-25
2121,348.5,2004-04-26
2122,91.9,2004-04-27
2123,270.7,2004-04-28
2124,107.4,2004-04-29
2125,361.0,2004-04-30
2126,195.8,2004-05-01
2127,222.8,2005-03-01
2128,58.3,2005-03-02
2129,177.5,2005-03-03
2130,178.9,2005-03-04
2131,118.6,2005-03-05
2132,191.9,2005-03-06
2133,78.9,2005-03-07
2134,108.2,2005-03-08
2135,232.3,2005-03-09
2136,42.3,2005-03-10
2137,248.2,2005-03-11
2138,63.2,2005-03-12
2139,209,2005-03-13
2140,214.6,2005-03-14
2141,206,2005-03-15
2142,174.7,2005-03-16
2143,2.4,2005-03-17
2144,38.5,2005-03-18
2145,122.1,2005-03-19
2146,142.1,2005-03-20
2147,119,2005-03-21
2148,191.8,2005-03-22
2149,6.5,2005-03-23
2150,110.1,2005-03-24
2151,199.5,2005-03-25
2152,218.7,2005-03-26
2153,122.3,2005-03-27
2154,113.1,2005-03-28
2155,102.6,2005-03-29
2156,115.4,2005-03-30
2157,274.4,2005-03-31
2158,262,2005-04-01
2159,51.5,2005-04-02
2160,177.8,2005-04-03
2161,225.7,2005-04-04
2162,142.4,2005-04-05
2163,179.1,2005-04-06
2164,23.6,2005-04-07
2165,48.6,2005-04-08
2166,59.9,2005-04-09
2167,131.7,2005-04-10
2168,19.5,2005-04-11
2169,133.3,2005-04-12
2170,112.4,2005-04-13
2171,186.9,2005-04-14
2172,-,2005-04-15
2173,-,2005-04-16
2174,287.7,2005-04-17
2175,278.5,2005-04-18
2176,233.7,2005-04-19
2177,62.8,2005-04-20
2178,90.8,2005-04-21
2179,17,2005-04-22
2180,119,2005-04-23
2181,266.6,2005-04-24
2182,285.1,2005-04-25
2183,202.8,2005-04-26
2184,189.4,2005-04-27
2185,130.4,2005-04-28
2186,131.8,2005-04-29
2187,7,2005-04-30
2188,96.1,2005-05-01
2189,81.2,2006-03-01
2190,7.6,2006-03-02
2191,11.9,2006-03-03
2192,4.3,2006-03-04
2193,4.2,2006-03-05
2194,50.6,2006-03-06
2195,131,2006-03-07
2196,5.7,2006-03-08
2197,167.9,2006-03-09
2198,150.9,2006-03-10
2199,175,2006-03-11
2200,207.1,2006-03-12
2201,237.6,2006-03-13
2202,12.3,2006-03-14
2203,40,2006-03-15
2204,108.6,2006-03-16
2205,144.7,2006-03-17
2206,6.9,2006-03-18
2207,42.6,2006-03-19
2208,218.9,2006-03-20
2209,159.1,2006-03-21
2210,215.6,2006-03-22
2211,226.9,2006-03-23
2212,106.3,2006-03-24
2213,190.7,2006-03-25
2214,199.4,2006-03-26
2215,57.9,2006-03-27
2216,2.9,2006-03-28
2217,4.1,2006-03-29
2218,3,2006-03-30
2219,6.7,2006-03-31
2220,3.3,2006-04-01
2221,4.1,2006-04-02
2222,3.2,2006-04-03
2223,3.9,2006-04-04
2224,8.2,2006-04-05
2225,31.8,2006-04-06
2226,8.2,2006-04-07
2227,-,2006-04-08
2228,-,2006-04-09
2229,-,2006-04-10
2230,5.4,2006-04-11
2231,157.9,2006-04-12
2232,-,2006-04-13
2233,-,2006-04-14
2234,-,2006-04-15
2235,-,2006-04-16
2236,-,2006-04-17
2237,-,2006-04-18
2238,88.6,2006-04-19
2239,13.5,2006-04-20
2240,169.8,2006-04-21
2241,239.6,2006-04-22
2242,290.7,2006-04-23
2243,284.7,2006-04-24
2244,81.6,2006-04-25
2245,200,2006-04-26
2246,174.2,2006-04-27
2247,149.7,2006-04-28
2248,169.5,2006-04-29
2249,300.4,2006-04-30
2250,250.3,2006-05-01
2251,-,2014-03-01
2252,-,2014-03-02
2253,-,2014-03-03
2254,-,2014-03-04
2255,-,2014-03-05
2256,-,2014-03-06
2257,0.4,2014-03-07
2258,144.2,2014-03-08
2259,78.3,2014-03-09
2260,-,2014-03-10
2261,-,2014-03-11
2262,-,2014-03-12
2263,-,2014-03-13
2264,159.5,2014-03-14
2265,-,2014-03-15
2266,-,2014-03-16
2267,-,2014-03-17
2268,21,2014-03-18
2269,176,2014-03-19
2270,39,2014-03-20
2271,15.5,2014-03-21
2272,204.3,2014-03-22
2273,8.1,2014-03-23
2274,253.5,2014-03-24
2275,-,2014-03-25
2276,-,2014-03-26
2277,329.5,2014-03-27
2278,343.3,2014-03-28
2279,-,2014-03-29
2280,-,2014-03-30
2281,-,2014-03-31
2282,55.4,2014-04-01
2283,-,2014-04-02
2284,-,2014-04-03
2285,-,2014-04-04
2286,281.5,2014-04-05
2287,-,2014-04-06
2288,-,2014-04-07
2289,-,2014-04-08
2290,-,2014-04-09
2291,-,2014-04-10
2292,0.7,2014-04-11
2293,105.4,2014-04-12
2294,0.6,2014-04-13
2295,-,2014-04-14
2296,-,2014-04-15
2297,-,2014-04-16
2298,-,2014-04-17
2299,-,2014-04-18
2300,-,2014-04-19
2301,-,2014-04-20
2302,-,2014-04-21
2303,-,2014-04-22
2304,-,2014-04-23
2305,484.7,2014-04-24
2306,-,2014-04-25
2307,-,2014-04-26
2308,-,2014-04-27
2309,-,2014-04-28
2310,-,2014-04-29
2311,-,2014-04-30
2312,36.7,2014-05-01
2313,39,2015-04-01
2314,-,2015-04-02
2315,-,2015-04-03
2316,-,2015-04-04
2317,-,2015-04-05
2318,-,2015-04-06
2319,58.8,2015-04-07
2320,-,2015-04-08
2321,-,2015-04-09
2322,-,2015-04-10
2323,-,2015-04-11
2324,-,2015-04-12
2325,-,2015-04-13
2326,-,2015-04-14
2327,-,2015-04-15
2328,-,2015-04-16
2329,-,2015-04-17
2330,32.7,2015-04-18
2331,-,2015-04-19
2332,-,2015-04-20
2333,-,2015-04-21
2334,-,2015-04-22
2335,-,2015-04-23
2336,146.4,2015-04-24
2337,-,2015-04-25
2338,-,2015-04-26
2339,-,2015-04-27
2340,-,2015-04-28
2341,0.5,2015-04-29
2342,-,2015-04-30
2343,-,2015-05-01
2344,-,2015-05-02
2345,-,2015-05-03
2346,-,2015-05-04
2347,-,2015-05-05
2348,-,2015-05-06
2349,-,2015-05-07
2350,-,2015-05-08
2351,-,2015-05-09
2352,-,2015-05-10
2353,-,2015-05-11
2354,-,2015-05-12
2355,-,2015-05-13
2356,-,2015-05-14
2357,-,2015-05-15
2358,-,2015-05-16
2359,-,2015-05-17
2360,22.8,2015-05-18
2361,-,2015-05-19
2362,-,2015-05-20
2363,-,2015-05-21
2364,-,2015-05-22
2365,-,2015-05-23
2366,-,2015-05-24
2367,-,2015-05-25
2368,-,2015-05-26
2369,-,2015-05-27
2370,-,2015-05-28
2371,-,2015-05-29
2372,-,2015-05-30
2373,-,2015-05-31
2374,-,2015-06-01
2375,47.6,2016-04-01
2376,352.8,2016-04-02
2377,1.7,2016-04-03
2378,249.0,2016-04-04
2379,0.3,2016-04-05
2380,52.8,2016-04-06
2381,21.3,2016-04-07
2382,39.5,2016-04-08
2383,7.9,2016-04-09
2384,272.1,2016-04-10
2385,288.2,2016-04-11
2386,315.8,2016-04-12
2387,330.8,2016-04-13
2388,382.0,2016-04-14
2389,87.5,2016-04-15
2390,215.5,2016-04-16
2391,0.1,2016-04-17
2392,26.9,2016-04-18
2393,48.6,2016-04-19
2394,4.8,2016-04-20
2395,257.5,2016-04-21
2396,206.4,2016-04-22
2397,134.0,2016-04-23
2398,144.5,2016-04-24
2399,91.5,2016-04-25
2400,1.4,2016-04-26
2401,128.1,2016-04-27
2402,111.2,2016-04-28
2403,221.6,2016-04-29
2404,246.4,2016-04-30
2405,447.7,2016-05-01
2406,352.4,2016-05-02
2407,422.8,2016-05-03
2408,478.0,2016-05-04
2409,476.5,2016-05-05
2410,439.3,2016-05-06
2411,347.5,2016-05-07
2412,454.6,2016-05-08
2413,411.9,2016-05-09
2414,397.1,2016-05-10
2415,352.8,2016-05-11
2416,420.1,2016-05-12
2417,353.8,2016-05-13
2418,0.5,2016-05-14
2419,2.4,2016-05-15
2420,65.1,2016-05-16
2421,102.2,2016-05-17
2422,160.9,2016-05-18
2423,104.8,2016-05-19
2424,257.1,2016-05-20
2425,272.3,2016-05-21
2426,351.5,2016-05-22
2427,237.7,2016-05-23
2428,468.5,2016-05-24
2429,154.0,2016-05-25
2430,58.1,2016-05-26
2431,141.1,2016-05-27
2432,6.2,2016-05-28
2433,1.9,2016-05-29
2434,379.4,2016-05-30
2435,423.6,2016-05-31
2436,461.8,2016-06-01
2437,0.6,2017-04-01
2438,0.9,2017-04-02
2439,5.3,2017-04-03
2440,81.7,2017-04-04
2441,94.1,2017-04-05
2442,321.1,2017-04-06
2443,40.1,2017-04-07
2444,51.0,2017-04-08
2445,52.1,2017-04-09
2446,86.6,2017-04-10
2447,89.6,2017-04-11
2448,118.8,2017-04-12
2449,18.9,2017-04-13
2450,233.3,2017-04-14
2451,204.8,2017-04-15
2452,145.0,2017-04-16
2453,235.1,2017-04-17
2454,400.6,2017-04-18
2455,271.5,2017-04-19
2456,99.3,2017-04-20
2457,201.9,2017-04-21
2458,90.7,2017-04-22
2459,158.6,2017-04-23
2460,138.6,2017-04-24
2461,135.0,2017-04-25
2462,224.0,2017-04-26
2463,208.1,2017-04-27
2464,355.4,2017-04-28
2465,100.1,2017-04-29
2466,88.4,2017-04-30
2467,460.4,2017-05-01
2468,506.8,2017-05-02
2469,504.0,2017-05-03
2470,525.3,2017-05-04
2471,400.3,2017-05-05
2472,434.7,2017-05-06
2473,310.6,2017-05-07
2474,129.3,2017-05-08
2475,168.0,2017-05-09
2476,227.1,2017-05-10
2477,321.6,2017-05-11
2478,459.2,2017-05-12
2479,309.0,2017-05-13
2480,349.8,2017-05-14
2481,347.1,2017-05-15
2482,548.0,2017-05-16
2483,2.1,2017-05-17
2484,17.3,2017-05-18
2485,388.4,2017-05-19
2486,372.2,2017-05-20
2487,539.0,2017-05-21
2488,186.8,2017-05-22
2489,310.6,2017-05-23
2490,339.8,2017-05-24
2491,181.8,2017-05-25
2492,332.6,2017-05-26
2493,4.4,2017-05-27
2494,295.9,2017-05-28
2495,465.1,2017-05-29
2496,190.7,2017-05-30
2497,44.4,2017-05-31
2498,222.8,2017-06-01
2499,275.3,2018-04-01
2500,0.4,2018-04-02
2501,389.1,2018-04-03
2502,160.8,2018-04-04
2503,0.8,2018-04-05
2504,0.4,2018-04-06
2505,202.1,2018-04-07
2506,52.5,2018-04-08
2507,41.5,2018-04-09
2508,346.7,2018-04-10
2509,429.8,2018-04-11
2510,329.5,2018-04-12
2511,435.4,2018-04-13
2512,436.6,2018-04-14
2513,132.8,2018-04-15
2514,3.2,2018-04-16
2515,1,2018-04-17
2516,184.5,2018-04-18
2517,294.5,2018-04-19
2518,185.1,2018-04-20
2519,139.7,2018-04-21
2520,30.4,2018-04-22
2521,177.7,2018-04-23
2522,0.7,2018-04-24
2523,1.1,2018-04-25
2524,201,2018-04-26
2525,216.6,2018-04-27
2526,71.4,2018-04-28
2527,8.9,2018-04-29
2528,127.1,2018-04-30
2529,0.2,2018-05-01
2530,2,2018-05-02
2531,62.8,2018-05-03
2532,1.7,2018-05-04
2533,295.1,2018-05-05
2534,366.7,2018-05-06
2535,-,2018-05-07
2536,-,2018-05-08
2537,493.3,2018-05-09
2538,513,2018-05-10
2539,502.8,2018-05-11
2540,443.1,2018-05-12
2541,368.1,2018-05-13
2542,459.7,2018-05-14
2543,391.7,2018-05-15
2544,291.4,2018-05-16
2545,246,2018-05-17
2546,329.7,2018-05-18
2547,506.2,2018-05-19
2548,276.2,2018-05-20
2549,500,2018-05-21
2550,272.1,2018-05-22
2551,317.4,2018-05-23
2552,471.7,2018-05-24
2553,447.5,2018-05-25
2554,438.7,2018-05-26
2555,375.2,2018-05-27
2556,534.1,2018-05-28
2557,521.2,2018-05-29
2558,498.1,2018-05-30
2559,547.7,2018-05-31
2560,303.9,2018-06-01
2561,417.0,2019-04-01
2562,290.5,2019-04-02
2563,376.1,2019-04-03
2564,312.6,2019-04-04
2565,132.0,2019-04-05
2566,377.6,2019-04-06
2567,141.8,2019-04-07
2568,2.7,2019-04-08
2569,1.9,2019-04-09
2570,2.5,2019-04-10
2571,367.4,2019-04-11
2572,272.6,2019-04-12
2573,2.1,2019-04-13
2574,134.2,2019-04-14
2575,464.4,2019-04-15
2576,477.6,2019-04-16
2577,478.9,2019-04-17
2578,464.3,2019-04-18
2579,207.9,2019-04-19
2580,24.1,2019-04-20
2581,378.7,2019-04-21
2582,52.9,2019-04-22
2583,418.6,2019-04-23
2584,369.0,2019-04-24
2585,154.4,2019-04-25
2586,22.7,2019-04-26
2587,363.5,2019-04-27
2588,440.5,2019-04-28
2589,431.1,2019-04-29
2590,132.4,2019-04-30
2591,148.6,2019-05-01
2592,1.2,2019-05-02
2593,35.9,2019-05-03
2594,138.1,2019-05-04
2595,220.4,2019-05-05
2596,141.1,2019-05-06
2597,161.6,2019-05-07
2598,346.6,2019-05-08
2599,463.6,2019-05-09
2600,14.3,2019-05-10
2601,3.6,2019-05-11
2602,10.7,2019-05-12
2603,146.2,2019-05-13
2604,507.9,2019-05-14
2605,459.9,2019-05-15
2606,441.3,2019-05-16
2607,484.8,2019-05-17
2608,489.6,2019-05-18
2609,169.7,2019-05-19
2610,129.9,2019-05-20
2611,216.5,2019-05-21
2612,274.9,2019-05-22
2613,0.7,2019-05-23
2614,1.0,2019-05-24
2615,3.2,2019-05-25
2616,0.5,2019-05-26
2617,16.2,2019-05-27
2618,76.1,2019-05-28
2619,321.8,2019-05-29
2620,510.0,2019-05-30
2621,435.8,2019-05-31
2622,223.1,2019-06-01
2623,256.4,2020-04-01
2624,41.7,2020-04-02
2625,91,2020-04-03
2626,306,2020-04-04
2627,376.3,2020-04-05
2628,146.8,2020-04-06
2629,226.3,2020-04-07
2630,262.5,2020-04-08
2631,243.2,2020-04-09
2632,263.8,2020-04-10
2633,-,2020-04-11
2634,-,2020-04-12
2635,-,2020-04-13
2636,-,2020-04-14
2637,-,2020-04-15
2638,-,2020-04-16
2639,180.2,2020-04-17
2640,410.5,2020-04-18
2641,290.1,2020-04-19
2642,52.1,2020-04-20
2643,485.6,2020-04-21
2644,386.6,2020-04-22
2645,405.6,2020-04-23
2646,34.6,2020-04-24
2647,198.5,2020-04-25
2648,31.8,2020-04-26
2649,175.8,2020-04-27
2650,2.7,2020-04-28
2651,113.9,2020-04-29
2652,262.2,2020-04-30
2653,63.9,2020-05-01
2654,15.4,2020-05-02
2655,34.9,2020-05-03
2656,229.6,2020-05-04
2657,340.7,2020-05-05
2658,266.6,2020-05-06
2659,407.1,2020-05-07
2660,110.7,2020-05-08
2661,462.4,2020-05-09
2662,261.8,2020-05-10
2663,79.6,2020-05-11
2664,386.4,2020-05-12
2665,91.5,2020-05-13
2666,228,2020-05-14
2667,151,2020-05-15
2668,7.4,2020-05-16
2669,95.2,2020-05-17
2670,164.4,2020-05-18
2671,153,2020-05-19
2672,282.4,2020-05-20
2673,158.2,2020-05-21
2674,549.9,2020-05-22
2675,448.1,2020-05-23
2676,3.7,2020-05-24
2677,138.1,2020-05-25
2678,398.7,2020-05-26
2679,255.1,2020-05-27
2680,337.9,2020-05-28
2681,284.1,2020-05-29
2682,551.4,2020-05-30
2683,546.4,2020-05-31
2684,294.5,2020-06-01
2685,342.8,2021-04-01
2686,54.4,2021-04-02
2687,175.4,2021-04-03
2688,279.1,2021-04-04
2689,7.8,2021-04-05
2690,77.6,2021-04-06
2691,3.8,2021-04-07
2692,389.8,2021-04-08
2693,0.3,2021-04-09
2694,56.8,2021-04-10
2695,355.3,2021-04-11
2696,102.2,2021-04-12
2697,73.6,2021-04-13
2698,181.8,2021-04-14
2699,458.1,2021-04-15
2700,444.5,2021-04-16
2701,438.4,2021-04-17
2702,439.5,2021-04-18
2703,417.0,2021-04-19
2704,381.0,2021-04-20
2705,181.5,2021-04-21
2706,169.1,2021-04-22
2707,18.3,2021-04-23
2708,5.1,2021-04-24
2709,5.9,2021-04-25
2710,1.3,2021-04-26
2711,9.9,2021-04-27
2712,216.3,2021-04-28
2713,214.5,2021-04-29
2714,250.5,2021-04-30
2715,271.2,2021-05-01
2716,253.0,2021-05-02
2717,129.0,2021-05-03
2718,275.0,2021-05-04
2719,21.9,2021-05-05
2720,32.0,2021-05-06
2721,0.8,2021-05-07
2722,258.4,2021-05-08
2723,191.0,2021-05-09
2724,17.1,2021-05-10
2725,374.4,2021-05-11
2726,488.3,2021-05-12
2727,248.7,2021-05-13
2728,265.8,2021-05-14
2729,166.0,2021-05-15
2730,366.0,2021-05-16
2731,78.1,2021-05-17
2732,197.8,2021-05-18
2733,0.3,2021-05-19
2734,159.9,2021-05-20
2735,-0.2,2021-05-21
2736,123.1,2021-05-22
2737,74.7,2021-05-23
2738,462.3,2021-05-24
2739,212.2,2021-05-25
2740,0.7,2021-05-26
2741,57.4,2021-05-27
2742,92.1,2021-05-28
2743,517.3,2021-05-29
2744,553.8,2021-05-30
2745,126.3,2021-05-31
2746,389.3,2021-06-01
2747,239.5,2022-04-01
2748,324.7,2022-04-02
2749,273.2,2022-04-03
2750,0.8,2022-04-04
2751,0.4,2022-04-05
2752,63.5,2022-04-06
2753,40.6,2022-04-07
2754,-,2022-04-08
2755,-,2022-04-09
2756,-,2022-04-10
2757,-,2022-04-11
2758,-,2022-04-12
2759,-,2022-04-13
2760,-,2022-04-14
2761,-,2022-04-15
2762,-,2022-04-16
2763,-,2022-04-17
2764,-,2022-04-18
2765,-,2022-04-19
2766,-,2022-04-20
2767,481.2,2022-04-21
2768,472.2,2022-04-22
2769,38.1,2022-04-23
2770,464.9,2022-04-24
2771,446.3,2022-04-25
2772,256.9,2022-04-26
2773,292.5,2022-04-27
2774,115.4,2022-04-28
2775,233.2,2022-04-29
2776,159.6,2022-04-30
2777,249.5,2022-05-01
2778,53.1,2022-05-02
2779,109.4,2022-05-03
2780,378.8,2022-05-04
2781,163.1,2022-05-05
2782,292.8,2022-05-06
2783,46.2,2022-05-07
2784,351.2,2022-05-08
2785,105.2,2022-05-09
2786,282,2022-05-10
2787,59.9,2022-05-11
2788,47.6,2022-05-12
2789,467.7,2022-05-13
2790,131.2,2022-05-14
2791,418.7,2022-05-15
2792,217,2022-05-16
2793,87.3,2022-05-17
2794,429.8,2022-05-18
2795,307.7,2022-05-19
2796,291.9,2022-05-20
2797,446,2022-05-21
2798,369.4,2022-05-22
2799,447.2,2022-05-23
2800,517.3,2022-05-24
2801,232.5,2022-05-25
2802,11.6,2022-05-26
2803,1.8,2022-05-27
2804,13.5,2022-05-28
2805,173.9,2022-05-29
2806,270.7,2022-05-30
2807,2.3,2022-05-31
2808,166,2022-06-01
2809,195.8,2004-05-01
2810,428.1,2004-05-02
2811,379.2,2004-05-03
2812,0.3,2004-05-04
2813,283.2,2004-05-05
2814,341.7,2004-05-06
2815,215.6,2004-05-07
2816,160.5,2004-05-08
2817,160.8,2004-05-09
2818,142.1,2004-05-10
2819,350.1,2004-05-11
2820,215.0,2004-05-12
2821,294.6,2004-05-13
2822,27.3,2004-05-14
2823,261.3,2004-05-15
2824,8.6,2004-05-16
2825,354.5,2004-05-17
2826,42.3,2004-05-18
2827,36.6,2004-05-19
2828,288.6,2004-05-20
2829,45.5,2004-05-21
2830,120.1,2004-05-22
2831,97.3,2004-05-23
2832,156.5,2004-05-24
2833,193.6,2004-05-25
2834,467.1,2004-05-26
2835,113.5,2004-05-27
2836,105.0,2004-05-28
2837,177.5,2004-05-29
2838,34.2,2004-05-30
2839,124.7,2004-05-31
2840,312.0,2004-06-01
2841,372.5,2004-06-02
2842,382.8,2004-06-03
2843,413.3,2004-06-04
2844,485.9,2004-06-05
2845,215.1,2004-06-06
2846,34.3,2004-06-07
2847,114.0,2004-06-08
2848,587.6,2004-06-09
2849,212.7,2004-06-10
2850,0.3,2004-06-11
2851,3.2,2004-06-12
2852,156.4,2004-06-13
2853,203.2,2004-06-14
2854,397.5,2004-06-15
2855,47.3,2004-06-16
2856,152.3,2004-06-17
2857,232.6,2004-06-18
2858,113.5,2004-06-19
2859,311.9,2004-06-20
2860,118.6,2004-06-21
2861,240.3,2004-06-22
2862,57.2,2004-06-23
2863,20.6,2004-06-24
2864,262.3,2004-06-25
2865,123.2,2004-06-26
2866,73.3,2004-06-27
2867,138.9,2004-06-28
2868,292.4,2004-06-29
2869,0.0,2004-06-30
2870,167.1,2004-07-01
2871,96.1,2005-05-01
2872,152.9,2005-05-02
2873,5.8,2005-05-03
2874,4.3,2005-05-04
2875,2.2,2005-05-05
2876,134.4,2005-05-06
2877,73.8,2005-05-07
2878,172.1,2005-05-08
2879,168.0,2005-05-09
2880,176.1,2005-05-10
2881,121.3,2005-05-11
2882,170.3,2005-05-12
2883,252.7,2005-05-13
2884,270.7,2005-05-14
2885,13.6,2005-05-15
2886,47.4,2005-05-16
2887,76.6,2005-05-17
2888,21.6,2005-05-18
2889,190.3,2005-05-19
2890,304.6,2005-05-20
2891,302.6,2005-05-21
2892,75.7,2005-05-22
2893,120.3,2005-05-23
2894,120.4,2005-05-24
2895,238.3,2005-05-25
2896,50.9,2005-05-26
2897,218.7,2005-05-27
2898,360.8,2005-05-28
2899,6.1,2005-05-29
2900,18.5,2005-05-30
2901,122.7,2005-05-31
2902,38.6,2005-06-01
2903,180.2,2005-06-02
2904,171.0,2005-06-03
2905,4.6,2005-06-04
2906,41.6,2005-06-05
2907,9.6,2005-06-06
2908,144.0,2005-06-07
2909,320.2,2005-06-08
2910,168.9,2005-06-09
2911,262.3,2005-06-10
2912,115.9,2005-06-11
2913,13.1,2005-06-12
2914,13.5,2005-06-13
2915,206.7,2005-06-14
2916,240.0,2005-06-15
2917,306.3,2005-06-16
2918,127.9,2005-06-17
2919,217.6,2005-06-18
2920,283.3,2005-06-19
2921,264.3,2005-06-20
2922,190.9,2005-06-21
2923,128.3,2005-06-22
2924,132.9,2005-06-23
2925,223.8,2005-06-24
2926,62.7,2005-06-25
2927,307.2,2005-06-26
2928,74.5,2005-06-27
2929,86.3,2005-06-28
2930,66.5,2005-06-29
2931,28.7,2005-06-30
2932,276.6,2005-07-01
2933,250.3,2006-05-01
2934,83.4,2006-05-02
2935,122,2006-05-03
2936,218.8,2006-05-04
2937,228.4,2006-05-05
2938,267.1,2006-05-06
2939,273.1,2006-05-07
2940,235.7,2006-05-08
2941,298.2,2006-05-09
2942,300.2,2006-05-10
2943,226.5,2006-05-11
2944,148.4,2006-05-12
2945,107.2,2006-05-13
2946,319.3,2006-05-14
2947,106.7,2006-05-15
2948,206.9,2006-05-16
2949,329.3,2006-05-17
2950,179.3,2006-05-18
2951,74.3,2006-05-19
2952,3.1,2006-05-20
2953,42.2,2006-05-21
2954,180.9,2006-05-22
2955,3.9,2006-05-23
2956,4.8,2006-05-24
2957,114.6,2006-05-25
2958,3.9,2006-05-26
2959,13.6,2006-05-27
2960,88.6,2006-05-28
2961,76.9,2006-05-29
2962,111.9,2006-05-30
2963,152,2006-05-31
2964,228.8,2006-06-01
2965,262.3,2006-06-02
2966,3.1,2006-06-03
2967,285.2,2006-06-04
2968,170.8,2006-06-05
2969,72.7,2006-06-06
2970,77.3,2006-06-07
2971,108,2006-06-08
2972,83.2,2006-06-09
2973,340.8,2006-06-10
2974,287.8,2006-06-11
2975,333,2006-06-12
2976,335,2006-06-13
2977,219.7,2006-06-14
2978,243.2,2006-06-15
2979,-,2006-06-16
2980,-,2006-06-17
2981,347.5,2006-06-18
2982,251,2006-06-19
2983,280.7,2006-06-20
2984,161.4,2006-06-21
2985,40,2006-06-22
2986,207,2006-06-23
2987,294.2,2006-06-24
2988,213.4,2006-06-25
2989,195,2006-06-26
2990,2.1,2006-06-27
2991,21.2,2006-06-28
2992,259.4,2006-06-29
2993,336.4,2006-06-30
2994,297.2,2006-07-01
2995,-,2013-05-01
2996,-,2013-05-02
2997,-,2013-05-03
2998,-,2013-05-04
2999,-,2013-05-05
3000,-,2013-05-06
3001,-,2013-05-07
3002,-,2013-05-08
3003,-,2013-05-09
3004,-,2013-05-10
3005,-,2013-05-11
3006,-,2013-05-12
3007,-,2013-05-13
3008,-,2013-05-14
3009,-,2013-05-15
3010,-,2013-05-16
3011,-,2013-05-17
3012,-,2013-05-18
3013,-,2013-05-19
3014,-,2013-05-20
3015,-,2013-05-21
3016,-,2013-05-22
3017,-,2013-05-23
3018,-,2013-05-24
3019,-,2013-05-25
3020,-,2013-05-26
3021,-,2013-05-27
3022,-,2013-05-28
3023,-,2013-05-29
3024,-,2013-05-30
3025,-,2013-05-31
3026,-,2013-06-01
3027,-,2013-06-02
3028,-,2013-06-03
3029,-,2013-06-04
3030,-,2013-06-05
3031,-,2013-06-06
3032,-,2013-06-07
3033,-,2013-06-08
3034,-,2013-06-09
3035,-,2013-06-10
3036,-,2013-06-11
3037,-,2013-06-12
3038,-,2013-06-13
3039,-,2013-06-14
3040,-,2013-06-15
3041,-,2013-06-16
3042,-,2013-06-17
3043,-,2013-06-18
3044,-,2013-06-19
3045,-,2013-06-20
3046,-,2013-06-21
3047,-,2013-06-22
3048,-,2013-06-23
3049,-,2013-06-24
3050,-,2013-06-25
3051,-,2013-06-26
3052,-,2013-06-27
3053,-,2013-06-28
3054,-,2013-06-29
3055,-,2013-06-30
3056,-,2013-07-01
3057,-,2014-05-01
3058,-,2014-05-02
3059,-,2014-05-03
3060,-,2014-05-04
3061,-,2014-05-05
3062,-,2014-05-06
3063,-,2014-05-07
3064,2.4,2014-05-08
3065,-,2014-05-09
3066,-,2014-05-10
3067,-,2014-05-11
3068,-,2014-05-12
3069,-,2014-05-13
3070,-,2014-05-14
3071,-,2014-05-15
3072,-,2014-05-16
3073,-,2014-05-17
3074,-,2014-05-18
3075,-,2014-05-19
3076,-,2014-05-20
3077,-,2014-05-21
3078,-,2014-05-22
3079,-,2014-05-23
3080,-,2014-05-24
3081,-,2014-05-25
3082,-,2014-05-26
3083,-,2014-05-27
3084,1.3,2014-05-28
3085,8.5,2014-05-29
3086,-,2014-05-30
3087,-,2014-05-31
3088,-,2014-06-01
3089,-,2014-06-02
3090,-,2014-06-03
3091,-,2014-06-04
3092,-,2014-06-05
3093,-,2014-06-06
3094,-,2014-06-07
3095,-,2014-06-08
3096,-,2014-06-09
3097,-,2014-06-10
3098,-,2014-06-11
3099,-,2014-06-12
3100,-,2014-06-13
3101,-,2014-06-14
3102,-,2014-06-15
3103,-,2014-06-16
3104,-,2014-06-17
3105,-,2014-06-18
3106,-,2014-06-19
3107,-,2014-06-20
3108,-,2014-06-21
3109,-,2014-06-22
3110,-,2014-06-23
3111,-,2014-06-24
3112,-,2014-06-25
3113,-,2014-06-26
3114,-,2014-06-27
3115,-,2014-06-28
3116,-,2014-06-29
3117,-,2014-06-30
3118,-,2014-07-01
3119,-,2015-06-01
3120,-,2015-06-02
3121,-,2015-06-03
3122,-,2015-06-04
3123,-,2015-06-05
3124,-,2015-06-06
3125,-,2015-06-07
3126,-,2015-06-08
3127,-,2015-06-09
3128,-,2015-06-10
3129,-,2015-06-11
3130,-,2015-06-12
3131,-,2015-06-13
3132,-,2015-06-14
3133,-,2015-06-15
3134,-,2015-06-16
3135,-,2015-06-17
3136,-,2015-06-18
3137,-,2015-06-19
3138,-,2015-06-20
3139,-,2015-06-21
3140,-,2015-06-22
3141,-,2015-06-23
3142,-,2015-06-24
3143,-,2015-06-25
3144,-,2015-06-26
3145,-,2015-06-27
3146,-,2015-06-28
3147,-,2015-06-29
3148,-,2015-06-30
3149,-,2015-07-01
3150,-,2015-07-02
3151,-,2015-07-03
3152,-,2015-07-04
3153,-,2015-07-05
3154,-,2015-07-06
3155,-,2015-07-07
3156,-,2015-07-08
3157,-,2015-07-09
3158,-,2015-07-10
3159,-,2015-07-11
3160,-,2015-07-12
3161,-,2015-07-13
3162,-,2015-07-14
3163,-,2015-07-15
3164,-,2015-07-16
3165,-,2015-07-17
3166,-,2015-07-18
3167,-,2015-07-19
3168,-,2015-07-20
3169,-,2015-07-21
3170,-,2015-07-22
3171,-,2015-07-23
3172,-,2015-07-24
3173,-,2015-07-25
3174,-,2015-07-26
3175,-,2015-07-27
3176,-,2015-07-28
3177,-,2015-07-29
3178,-,2015-07-30
3179,-,2015-07-31
3180,-,2015-08-01
3181,461.8,2016-06-01
3182,368.9,2016-06-02
3183,407.6,2016-06-03
3184,294.4,2016-06-04
3185,140.0,2016-06-05
3186,328.7,2016-06-06
3187,441.8,2016-06-07
3188,289.9,2016-06-08
3189,132.4,2016-06-09
3190,101.0,2016-06-10
3191,346.4,2016-06-11
3192,451.0,2016-06-12
3193,448.0,2016-06-13
3194,422.8,2016-06-14
3195,467.0,2016-06-15
3196,0.2,2016-06-16
3197,103.7,2016-06-17
3198,6.7,2016-06-18
3199,73.2,2016-06-19
3200,229.9,2016-06-20
3201,350.4,2016-06-21
3202,131.7,2016-06-22
3203,13.1,2016-06-23
3204,16.0,2016-06-24
3205,178.1,2016-06-25
3206,201.4,2016-06-26
3207,-0.1,2016-06-27
3208,255.3,2016-06-28
3209,239.7,2016-06-29
3210,79.6,2016-06-30
3211,82.4,2016-07-01
3212,231.9,2016-07-02
3213,66.3,2016-07-03
3214,60.6,2016-07-04
3215,64.1,2016-07-05
3216,145.8,2016-07-06
3217,0.4,2016-07-07
3218,103.4,2016-07-08
3219,365.1,2016-07-09
3220,142.3,2016-07-10
3221,28.2,2016-07-11
3222,128.4,2016-07-12
3223,189.2,2016-07-13
3224,301.0,2016-07-14
3225,1.2,2016-07-15
3226,134.1,2016-07-16
3227,128.9,2016-07-17
3228,295.4,2016-07-18
3229,421.5,2016-07-19
3230,421.6,2016-07-20
3231,51.8,2016-07-21
3232,1.4,2016-07-22
3233,1.4,2016-07-23
3234,106.1,2016-07-24
3235,255.2,2016-07-25
3236,363.1,2016-07-26
3237,302.3,2016-07-27
3238,98.3,2016-07-28
3239,285.4,2016-07-29
3240,164.1,2016-07-30
3241,132.7,2016-07-31
3242,131.9,2016-08-01
3243,222.8,2017-06-01
3244,211.2,2017-06-02
3245,542.5,2017-06-03
3246,536.6,2017-06-04
3247,0.4,2017-06-05
3248,291.8,2017-06-06
3249,447.4,2017-06-07
3250,0.4,2017-06-08
3251,171.8,2017-06-09
3252,351.3,2017-06-10
3253,188.8,2017-06-11
3254,0.4,2017-06-12
3255,5.4,2017-06-13
3256,452.0,2017-06-14
3257,477.6,2017-06-15
3258,160.8,2017-06-16
3259,289.1,2017-06-17
3260,44.7,2017-06-18
3261,410.0,2017-06-19
3262,54.8,2017-06-20
3263,256.3,2017-06-21
3264,332.2,2017-06-22
3265,205.9,2017-06-23
3266,17.7,2017-06-24
3267,186.6,2017-06-25
3268,115.5,2017-06-26
3269,87.4,2017-06-27
3270,435.2,2017-06-28
3271,525.6,2017-06-29
3272,484.9,2017-06-30
3273,377.8,2017-07-01
3274,126.4,2017-07-02
3275,100.9,2017-07-03
3276,23.2,2017-07-04
3277,149.2,2017-07-05
3278,103.6,2017-07-06
3279,478.4,2017-07-07
3280,236.1,2017-07-08
3281,244.0,2017-07-09
3282,337.3,2017-07-10
3283,3.0,2017-07-11
3284,141.5,2017-07-12
3285,1.1,2017-07-13
3286,314.4,2017-07-14
3287,527.1,2017-07-15
3288,473.0,2017-07-16
3289,143.7,2017-07-17
3290,412.1,2017-07-18
3291,5.8,2017-07-19
3292,171.2,2017-07-20
3293,294.1,2017-07-21
3294,226.0,2017-07-22
3295,345.7,2017-07-23
3296,114.8,2017-07-24
3297,13.5,2017-07-25
3298,191.8,2017-07-26
3299,226.1,2017-07-27
3300,76.8,2017-07-28
3301,122.5,2017-07-29
3302,197.1,2017-07-30
3303,101.6,2017-07-31
3304,308.6,2017-08-01
3305,303.9,2018-06-01
3306,472.7,2018-06-02
3307,441.3,2018-06-03
3308,287.3,2018-06-04
3309,187.9,2018-06-05
3310,100.2,2018-06-06
3311,114.8,2018-06-07
3312,297.9,2018-06-08
3313,269.6,2018-06-09
3314,337.2,2018-06-10
3315,126.2,2018-06-11
3316,372.7,2018-06-12
3317,301.6,2018-06-13
3318,212.7,2018-06-14
3319,125.9,2018-06-15
3320,330.9,2018-06-16
3321,284,2018-06-17
3322,240.5,2018-06-18
3323,112.5,2018-06-19
3324,301,2018-06-20
3325,74.5,2018-06-21
3326,30.9,2018-06-22
3327,169.9,2018-06-23
3328,128.9,2018-06-24
3329,38.9,2018-06-25
3330,143.2,2018-06-26
3331,487.6,2018-06-27
3332,-,2018-06-28
3333,-,2018-06-29
3334,370.4,2018-06-30
3335,517.4,2018-07-01
3336,80.7,2018-07-02
3337,0.4,2018-07-03
3338,65.4,2018-07-04
3339,73.8,2018-07-05
3340,98.8,2018-07-06
3341,338.7,2018-07-07
3342,181.1,2018-07-08
3343,368.6,2018-07-09
3344,106,2018-07-10
3345,41.9,2018-07-11
3346,114.9,2018-07-12
3347,235.2,2018-07-13
3348,476.1,2018-07-14
3349,495.8,2018-07-15
3350,433.6,2018-07-16
3351,419.1,2018-07-17
3352,-,2018-07-18
3353,-,2018-07-19
3354,3.4,2018-07-20
3355,50.6,2018-07-21
3356,332.5,2018-07-22
3357,322.6,2018-07-23
3358,404.7,2018-07-24
3359,352.6,2018-07-25
3360,404.8,2018-07-26
3361,398.8,2018-07-27
3362,237.3,2018-07-28
3363,98.7,2018-07-29
3364,187.6,2018-07-30
3365,262.8,2018-07-31
3366,301.7,2018-08-01
3367,223.1,2019-06-01
3368,248.4,2019-06-02
3369,179.7,2019-06-03
3370,103.8,2019-06-04
3371,178.2,2019-06-05
3372,412.8,2019-06-06
3373,333.5,2019-06-07
3374,343.1,2019-06-08
3375,354.7,2019-06-09
3376,410.3,2019-06-10
3377,336.2,2019-06-11
3378,173.0,2019-06-12
3379,92.1,2019-06-13
3380,0.1,2019-06-14
3381,209.1,2019-06-15
3382,475.2,2019-06-16
3383,300.5,2019-06-17
3384,535.5,2019-06-18
3385,194.7,2019-06-19
3386,350.6,2019-06-20
3387,306.6,2019-06-21
3388,301.3,2019-06-22
3389,322.2,2019-06-23
3390,531.4,2019-06-24
3391,134.7,2019-06-25
3392,64.0,2019-06-26
3393,129.9,2019-06-27
3394,529.6,2019-06-28
3395,116.4,2019-06-29
3396,259.8,2019-06-30
3397,294.8,2019-07-01
3398,49.5,2019-07-02
3399,358.1,2019-07-03
3400,210.7,2019-07-04
3401,55.3,2019-07-05
3402,58.5,2019-07-06
3403,40.8,2019-07-07
3404,14.8,2019-07-08
3405,1.5,2019-07-09
3406,429.0,2019-07-10
3407,125.0,2019-07-11
3408,263.6,2019-07-12
3409,298.9,2019-07-13
3410,176.7,2019-07-14
3411,90.2,2019-07-15
3412,62.3,2019-07-16
3413,288.8,2019-07-17
3414,371.4,2019-07-18
3415,454.9,2019-07-19
3416,480.3,2019-07-20
3417,353.9,2019-07-21
3418,205.6,2019-07-22
3419,93.8,2019-07-23
3420,434.6,2019-07-24
3421,428.7,2019-07-25
3422,422.6,2019-07-26
3423,378.0,2019-07-27
3424,379.2,2019-07-28
3425,344.8,2019-07-29
3426,134.2,2019-07-30
3427,187.1,2019-07-31
3428,345.6,2019-08-01
3429,294.5,2020-06-01
3430,398.8,2020-06-02
3431,517.6,2020-06-03
3432,205.8,2020-06-04
3433,30.9,2020-06-05
3434,44.1,2020-06-06
3435,248.6,2020-06-07
3436,155.9,2020-06-08
3437,183.8,2020-06-09
3438,561.3,2020-06-10
3439,545.0,2020-06-11
3440,545.5,2020-06-12
3441,466.4,2020-06-13
3442,556.4,2020-06-14
3443,464.5,2020-06-15
3444,36.7,2020-06-16
3445,332.9,2020-06-17
3446,530.8,2020-06-18
3447,428.9,2020-06-19
3448,495.6,2020-06-20
3449,360.5,2020-06-21
3450,566.7,2020-06-22
3451,452.7,2020-06-23
3452,482.1,2020-06-24
3453,514.6,2020-06-25
3454,526.4,2020-06-26
3455,363.4,2020-06-27
3456,310.4,2020-06-28
3457,65.6,2020-06-29
3458,0.5,2020-06-30
3459,107.8,2020-07-01
3460,124.8,2020-07-02
3461,289.5,2020-07-03
3462,46.4,2020-07-04
3463,119.8,2020-07-05
3464,202.8,2020-07-06
3465,62.0,2020-07-07
3466,240.3,2020-07-08
3467,138.3,2020-07-09
3468,127.0,2020-07-10
3469,4.1,2020-07-11
3470,226.8,2020-07-12
3471,222.8,2020-07-13
3472,350.6,2020-07-14
3473,387.1,2020-07-15
3474,271.2,2020-07-16
3475,388.1,2020-07-17
3476,459.5,2020-07-18
3477,341.8,2020-07-19
3478,69.5,2020-07-20
3479,207.1,2020-07-21
3480,112.8,2020-07-22
3481,2.6,2020-07-23
3482,0.5,2020-07-24
3483,93.4,2020-07-25
3484,354.8,2020-07-26
3485,209.0,2020-07-27
3486,61.3,2020-07-28
3487,38.6,2020-07-29
3488,196.2,2020-07-30
3489,327.4,2020-07-31
3490,391.5,2020-08-01
3491,389.3,2021-06-01
3492,409.7,2021-06-02
3493,298.4,2021-06-03
3494,330.8,2021-06-04
3495,295.2,2021-06-05
3496,399.9,2021-06-06
3497,297.3,2021-06-07
3498,247.0,2021-06-08
3499,368.4,2021-06-09
3500,241.8,2021-06-10
3501,345.3,2021-06-11
3502,28.9,2021-06-12
3503,328.6,2021-06-13
3504,305.5,2021-06-14
3505,308.8,2021-06-15
3506,340.2,2021-06-16
3507,402.3,2021-06-17
3508,441.4,2021-06-18
3509,381.4,2021-06-19
3510,395.1,2021-06-20
3511,293.2,2021-06-21
3512,330.6,2021-06-22
3513,216.2,2021-06-23
3514,64.0,2021-06-24
3515,152.9,2021-06-25
3516,97.7,2021-06-26
3517,443.3,2021-06-27
3518,501.9,2021-06-28
3519,519.9,2021-06-29
3520,183.2,2021-06-30
3521,429.1,2021-07-01
3522,322.8,2021-07-02
3523,512.6,2021-07-03
3524,532.5,2021-07-04
3525,289.7,2021-07-05
3526,91.6,2021-07-06
3527,264.1,2021-07-07
3528,252.6,2021-07-08
3529,122.7,2021-07-09
3530,205.0,2021-07-10
3531,237.6,2021-07-11
3532,414.2,2021-07-12
3533,444.3,2021-07-13
3534,428.5,2021-07-14
3535,289.5,2021-07-15
3536,479.0,2021-07-16
3537,427.2,2021-07-17
3538,326.1,2021-07-18
3539,130.5,2021-07-19
3540,143.0,2021-07-20
3541,375.5,2021-07-21
3542,285.4,2021-07-22
3543,133.9,2021-07-23
3544,290.8,2021-07-24
3545,398.1,2021-07-25
3546,338.0,2021-07-26
3547,347.3,2021-07-27
3548,6.6,2021-07-28
3549,193.8,2021-07-29
3550,88.5,2021-07-30
3551,203.8,2021-07-31
3552,103.6,2021-08-01
3553,166.0,2022-06-01
3554,10.1,2022-06-02
3555,233.8,2022-06-03
3556,245.4,2022-06-04
3557,124.4,2022-06-05
3558,566.9,2022-06-06
3559,462.0,2022-06-07
3560,42.5,2022-06-08
3561,138.3,2022-06-09
3562,177.4,2022-06-10
3563,240.7,2022-06-11
3564,290.0,2022-06-12
3565,155.8,2022-06-13
3566,243.4,2022-06-14
3567,511.1,2022-06-15
3568,339.8,2022-06-16
3569,464.0,2022-06-17
3570,0.3,2022-06-18
3571,237.7,2022-06-19
3572,232.6,2022-06-20
3573,356.7,2022-06-21
3574,49.7,2022-06-22
3575,177.9,2022-06-23
3576,417.2,2022-06-24
3577,532.9,2022-06-25
3578,507.5,2022-06-26
3579,413.4,2022-06-27
3580,237.4,2022-06-28
3581,340.2,2022-06-29
3582,504.9,2022-06-30
3583,205.1,2022-07-01
3584,107.6,2022-07-02
3585,454.9,2022-07-03
3586,420.2,2022-07-04
3587,199.2,2022-07-05
3588,279.6,2022-07-06
3589,258.9,2022-07-07
3590,333.6,2022-07-08
3591,91.1,2022-07-09
3592,284.4,2022-07-10
3593,180.9,2022-07-11
3594,145.9,2022-07-12
3595,1.0,2022-07-13
3596,192.8,2022-07-14
3597,108.3,2022-07-15
3598,56.4,2022-07-16
3599,7.4,2022-07-17
3600,109.1,2022-07-18
3601,269.1,2022-07-19
3602,415.4,2022-07-20
3603,395.4,2022-07-21
3604,322.5,2022-07-22
3605,77.8,2022-07-23
3606,27.6,2022-07-24
3607,252.1,2022-07-25
3608,12.5,2022-07-26
3609,89.9,2022-07-27
3610,199.3,2022-07-28
3611,84.6,2022-07-29
3612,244.1,2022-07-30
3613,275.0,2022-07-31
3614,278.6,2022-08-01
3615,167.1,2004-07-01
3616,156.6,2004-07-02
3617,0.3,2004-07-03
3618,153.6,2004-07-04
3619,167.2,2004-07-05
3620,99.3,2004-07-06
3621,74.7,2004-07-07
3622,303.6,2004-07-08
3623,151.5,2004-07-09
3624,49.4,2004-07-10
3625,107.4,2004-07-11
3626,160.4,2004-07-12
3627,91.8,2004-07-13
3628,92.3,2004-07-14
3629,224.3,2004-07-15
3630,345.9,2004-07-16
3631,162.5,2004-07-17
3632,348.4,2004-07-18
3633,69.4,2004-07-19
3634,109.0,2004-07-20
3635,200.2,2004-07-21
3636,237.8,2004-07-22
3637,92.8,2004-07-23
3638,70.1,2004-07-24
3639,62.8,2004-07-25
3640,47.1,2004-07-26
3641,46.4,2004-07-27
3642,0.3,2004-07-28
3643,0.6,2004-07-29
3644,49.7,2004-07-30
3645,7.1,2004-07-31
3646,89.2,2004-08-01
3647,72.4,2004-08-02
3648,65.4,2004-08-03
3649,299.9,2004-08-04
3650,348.5,2004-08-05
3651,317.4,2004-08-06
3652,306.0,2004-08-07
3653,202.6,2004-08-08
3654,303.6,2004-08-09
3655,326.2,2004-08-10
3656,199.6,2004-08-11
3657,170.3,2004-08-12
3658,346.3,2004-08-13
3659,274.9,2004-08-14
3660,112.4,2004-08-15
3661,231.3,2004-08-16
3662,48.0,2004-08-17
3663,75.6,2004-08-18
3664,159.8,2004-08-19
3665,97.5,2004-08-20
3666,162.5,2004-08-21
3667,215.3,2004-08-22
3668,148.9,2004-08-23
3669,368.1,2004-08-24
3670,295.7,2004-08-25
3671,0.3,2004-08-26
3672,85.2,2004-08-27
3673,14.0,2004-08-28
3674,163.5,2004-08-29
3675,39.0,2004-08-30
3676,2.2,2004-08-31
3677,40.1,2004-09-01
3678,276.6,2005-07-01
3679,299.8,2005-07-02
3680,346.7,2005-07-03
3681,270.2,2005-07-04
3682,-,2005-07-05
3683,-,2005-07-06
3684,-,2005-07-07
3685,185.6,2005-07-08
3686,284.6,2005-07-09
3687,318.1,2005-07-10
3688,296.1,2005-07-11
3689,313.4,2005-07-12
3690,312.5,2005-07-13
3691,325.9,2005-07-14
3692,163.5,2005-07-15
3693,132.6,2005-07-16
3694,67.7,2005-07-17
3695,131.4,2005-07-18
3696,38.5,2005-07-19
3697,119.7,2005-07-20
3698,158.8,2005-07-21
3699,4.5,2005-07-22
3700,52.3,2005-07-23
3701,39,2005-07-24
3702,32.3,2005-07-25
3703,59.2,2005-07-26
3704,29.1,2005-07-27
3705,239.6,2005-07-28
3706,111.8,2005-07-29
3707,262.8,2005-07-30
3708,267.1,2005-07-31
3709,22.5,2005-08-01
3710,90.3,2005-08-02
3711,317.9,2005-08-03
3712,4.7,2005-08-04
3713,177,2005-08-05
3714,131.3,2005-08-06
3715,96,2005-08-07
3716,2.5,2005-08-08
3717,117.3,2005-08-09
3718,3.8,2005-08-10
3719,4.5,2005-08-11
3720,-,2005-08-12
3721,-,2005-08-13
3722,32.8,2005-08-14
3723,190.2,2005-08-15
3724,19.9,2005-08-16
3725,202.5,2005-08-17
3726,246.7,2005-08-18
3727,262.9,2005-08-19
3728,213.7,2005-08-20
3729,84.5,2005-08-21
3730,263.5,2005-08-22
3731,129.7,2005-08-23
3732,151.8,2005-08-24
3733,173.6,2005-08-25
3734,12.8,2005-08-26
3735,116.8,2005-08-27
3736,19,2005-08-28
3737,77.1,2005-08-29
3738,103.9,2005-08-30
3739,269.2,2005-08-31
3740,282.3,2005-09-01
3741,297.2,2006-07-01
3742,208.5,2006-07-02
3743,309.6,2006-07-03
3744,259.4,2006-07-04
3745,340.3,2006-07-05
3746,217.4,2006-07-06
3747,272.2,2006-07-07
3748,246.9,2006-07-08
3749,261.6,2006-07-09
3750,157.6,2006-07-10
3751,182.5,2006-07-11
3752,240.5,2006-07-12
3753,265.6,2006-07-13
3754,272.5,2006-07-14
3755,287.4,2006-07-15
3756,348.7,2006-07-16
3757,281.7,2006-07-17
3758,298,2006-07-18
3759,239.1,2006-07-19
3760,121.7,2006-07-20
3761,24.1,2006-07-21
3762,71,2006-07-22
3763,245.2,2006-07-23
3764,-,2006-07-24
3765,-,2006-07-25
3766,-,2006-07-26
3767,314.1,2006-07-27
3768,-,2006-07-28
3769,-,2006-07-29
3770,-,2006-07-30
3771,-,2006-07-31
3772,-,2006-08-01
3773,-,2006-08-02
3774,225.6,2006-08-03
3775,244.2,2006-08-04
3776,301.3,2006-08-05
3777,192.8,2006-08-06
3778,201.5,2006-08-07
3779,23.4,2006-08-08
3780,76,2006-08-09
3781,133.5,2006-08-10
3782,215.7,2006-08-11
3783,133.7,2006-08-12
3784,77.2,2006-08-13
3785,62.6,2006-08-14
3786,27.9,2006-08-15
3787,108.3,2006-08-16
3788,42.2,2006-08-17
3789,167.2,2006-08-18
3790,166.9,2006-08-19
3791,72.8,2006-08-20
3792,81.3,2006-08-21
3793,35.2,2006-08-22
3794,140.9,2006-08-23
3795,189.7,2006-08-24
3796,136.1,2006-08-25
3797,151.7,2006-08-26
3798,126.4,2006-08-27
3799,12.2,2006-08-28
3800,53.8,2006-08-29
3801,166.8,2006-08-30
3802,108.5,2006-08-31
3803,123.4,2006-09-01
3804,-,2013-07-01
3805,-,2013-07-02
3806,-,2013-07-03
3807,-,2013-07-04
3808,-,2013-07-05
3809,-,2013-07-06
3810,-,2013-07-07
3811,-,2013-07-08
3812,-,2013-07-09
3813,-,2013-07-10
3814,-,2013-07-11
3815,-,2013-07-12
3816,-,2013-07-13
3817,-,2013-07-14
3818,-,2013-07-15
3819,-,2013-07-16
3820,-,2013-07-17
3821,-,2013-07-18
3822,-,2013-07-19
3823,-,2013-07-20
3824,-,2013-07-21
3825,-,2013-07-22
3826,-,2013-07-23
3827,-,2013-07-24
3828,-,2013-07-25
3829,-,2013-07-26
3830,-,2013-07-27
3831,-,2013-07-28
3832,-,2013-07-29
3833,-,2013-07-30
3834,-,2013-07-31
3835,-,2013-08-01
3836,-,2013-08-02
3837,-,2013-08-03
3838,-,2013-08-04
3839,-,2013-08-05
3840,-,2013-08-06
3841,-,2013-08-07
3842,-,2013-08-08
3843,3.1,2013-08-09
3844,10.5,2013-08-10
3845,-,2013-08-11
3846,-,2013-08-12
3847,-,2013-08-13
3848,-,2013-08-14
3849,-,2013-08-15
3850,-,2013-08-16
3851,-,2013-08-17
3852,105.5,2013-08-18
3853,-,2013-08-19
3854,-,2013-08-20
3855,-,2013-08-21
3856,-,2013-08-22
3857,-,2013-08-23
3858,-,2013-08-24
3859,-,2013-08-25
3860,-,2013-08-26
3861,-,2013-08-27
3862,-,2013-08-28
3863,-,2013-08-29
3864,-,2013-08-30
3865,1.1,2013-08-31
3866,1.1,2013-09-01
3867,-,2014-07-01
3868,-,2014-07-02
3869,-,2014-07-03
3870,-,2014-07-04
3871,-,2014-07-05
3872,-,2014-07-06
3873,-,2014-07-07
3874,-,2014-07-08
3875,-,2014-07-09
3876,-,2014-07-10
3877,-,2014-07-11
3878,-,2014-07-12
3879,-,2014-07-13
3880,-,2014-07-14
3881,-,2014-07-15
3882,-,2014-07-16
3883,-,2014-07-17
3884,-,2014-07-18
3885,-,2014-07-19
3886,-,2014-07-20
3887,-,2014-07-21
3888,-,2014-07-22
3889,-,2014-07-23
3890,-,2014-07-24
3891,-,2014-07-25
3892,-,2014-07-26
3893,-,2014-07-27
3894,-,2014-07-28
3895,-,2014-07-29
3896,-,2014-07-30
3897,-,2014-07-31
3898,-,2014-08-01
3899,-,2014-08-02
3900,-,2014-08-03
3901,-,2014-08-04
3902,-,2014-08-05
3903,-,2014-08-06
3904,-,2014-08-07
3905,-,2014-08-08
3906,-,2014-08-09
3907,-,2014-08-10
3908,-,2014-08-11
3909,-,2014-08-12
3910,-,2014-08-13
3911,-,2014-08-14
3912,-,2014-08-15
3913,-,2014-08-16
3914,-,2014-08-17
3915,-,2014-08-18
3916,-,2014-08-19
3917,-,2014-08-20
3918,-,2014-08-21
3919,-,2014-08-22
3920,-,2014-08-23
3921,-,2014-08-24
3922,-,2014-08-25
3923,-,2014-08-26
3924,-,2014-08-27
3925,-,2014-08-28
3926,-,2014-08-29
3927,-,2014-08-30
3928,-,2014-08-31
3929,-,2014-09-01
3930,-,2015-08-01
3931,-,2015-08-02
3932,-,2015-08-03
3933,-,2015-08-04
3934,-,2015-08-05
3935,-,2015-08-06
3936,-,2015-08-07
3937,-,2015-08-08
3938,-,2015-08-09
3939,-,2015-08-10
3940,-,2015-08-11
3941,-,2015-08-12
3942,-,2015-08-13
3943,-,2015-08-14
3944,427.9,2015-08-15
3945,-,2015-08-16
3946,-,2015-08-17
3947,-,2015-08-18
3948,-,2015-08-19
3949,-,2015-08-20
3950,-,2015-08-21
3951,-,2015-08-22
3952,-,2015-08-23
3953,-,2015-08-24
3954,-,2015-08-25
3955,-,2015-08-26
3956,-,2015-08-27
3957,-,2015-08-28
3958,-,2015-08-29
3959,-,2015-08-30
3960,-,2015-08-31
3961,-,2015-09-01
3962,-,2015-09-02
3963,-,2015-09-03
3964,-,2015-09-04
3965,-,2015-09-05
3966,-,2015-09-06
3967,-,2015-09-07
3968,-,2015-09-08
3969,-,2015-09-09
3970,-,2015-09-10
3971,-,2015-09-11
3972,-,2015-09-12
3973,-,2015-09-13
3974,-,2015-09-14
3975,-,2015-09-15
3976,-,2015-09-16
3977,-,2015-09-17
3978,-,2015-09-18
3979,-,2015-09-19
3980,-,2015-09-20
3981,-,2015-09-21
3982,-,2015-09-22
3983,-,2015-09-23
3984,-,2015-09-24
3985,-,2015-09-25
3986,-,2015-09-26
3987,-,2015-09-27
3988,-,2015-09-28
3989,-,2015-09-29
3990,-,2015-09-30
3991,-,2015-10-01
3992,131.9,2016-08-01
3993,301.7,2016-08-02
3994,374.6,2016-08-03
3995,41.3,2016-08-04
3996,66.1,2016-08-05
3997,135.0,2016-08-06
3998,170.2,2016-08-07
3999,128.2,2016-08-08
4000,247.3,2016-08-09
4001,252.4,2016-08-10
4002,119.8,2016-08-11
4003,128.5,2016-08-12
4004,3.5,2016-08-13
4005,2.8,2016-08-14
4006,174.6,2016-08-15
4007,0.5,2016-08-16
4008,66.2,2016-08-17
4009,18.2,2016-08-18
4010,173.2,2016-08-19
4011,153.9,2016-08-20
4012,50.4,2016-08-21
4013,0.5,2016-08-22
4014,55.3,2016-08-23
4015,147.8,2016-08-24
4016,6.3,2016-08-25
4017,49.6,2016-08-26
4018,230.9,2016-08-27
4019,138.6,2016-08-28
4020,0.3,2016-08-29
4021,147.6,2016-08-30
4022,213.8,2016-08-31
4023,98.9,2016-09-01
4024,161.9,2016-09-02
4025,11.7,2016-09-03
4026,19.7,2016-09-04
4027,253.5,2016-09-05
4028,145.7,2016-09-06
4029,204.5,2016-09-07
4030,352.9,2016-09-08
4031,215.1,2016-09-09
4032,84.6,2016-09-10
4033,209.8,2016-09-11
4034,249.7,2016-09-12
4035,332.1,2016-09-13
4036,359.6,2016-09-14
4037,14.2,2016-09-15
4038,273.7,2016-09-16
4039,1.1,2016-09-17
4040,119.0,2016-09-18
4041,5.7,2016-09-19
4042,169.1,2016-09-20
4043,282.4,2016-09-21
4044,41.6,2016-09-22
4045,1.2,2016-09-23
4046,24.3,2016-09-24
4047,8.7,2016-09-25
4048,56.1,2016-09-26
4049,103.7,2016-09-27
4050,0.0,2016-09-28
4051,3.7,2016-09-29
4052,53.6,2016-09-30
4053,127.0,2016-10-01
4054,308.6,2017-08-01
4055,133.3,2017-08-02
4056,359.4,2017-08-03
4057,16.6,2017-08-04
4058,114.5,2017-08-05
4059,3.8,2017-08-06
4060,72.2,2017-08-07
4061,204.7,2017-08-08
4062,202.2,2017-08-09
4063,97.5,2017-08-10
4064,312.6,2017-08-11
4065,95.3,2017-08-12
4066,20.4,2017-08-13
4067,374.1,2017-08-14
4068,243.4,2017-08-15
4069,131.0,2017-08-16
4070,5.2,2017-08-17
4071,13.9,2017-08-18
4072,6.2,2017-08-19
4073,205.1,2017-08-20
4074,85.3,2017-08-21
4075,55.4,2017-08-22
4076,1.4,2017-08-23
4077,153.8,2017-08-24
4078,34.7,2017-08-25
4079,56.4,2017-08-26
4080,31.5,2017-08-27
4081,165.5,2017-08-28
4082,27.3,2017-08-29
4083,21.3,2017-08-30
4084,0.4,2017-08-31
4085,81.7,2017-09-01
4086,8.2,2017-09-02
4087,208.1,2017-09-03
4088,252.3,2017-09-04
4089,331.5,2017-09-05
4090,181.6,2017-09-06
4091,1.2,2017-09-07
4092,1.0,2017-09-08
4093,1.2,2017-09-09
4094,4.3,2017-09-10
4095,141.6,2017-09-11
4096,75.4,2017-09-12
4097,117.4,2017-09-13
4098,3.6,2017-09-14
4099,52.0,2017-09-15
4100,24.2,2017-09-16
4101,129.1,2017-09-17
4102,1.0,2017-09-18
4103,0.8,2017-09-19
4104,3.0,2017-09-20
4105,3.8,2017-09-21
4106,0.1,2017-09-22
4107,118.3,2017-09-23
4108,284.2,2017-09-24
4109,238.9,2017-09-25
4110,12.5,2017-09-26
4111,53.8,2017-09-27
4112,30.9,2017-09-28
4113,91.5,2017-09-29
4114,0.1,2017-09-30
4115,0.0,2017-10-01
4116,301.7,2018-08-01
4117,264.9,2018-08-02
4118,284.4,2018-08-03
4119,111.5,2018-08-04
4120,195.2,2018-08-05
4121,275.2,2018-08-06
4122,353.4,2018-08-07
4123,356.0,2018-08-08
4124,79.5,2018-08-09
4125,200.7,2018-08-10
4126,294.3,2018-08-11
4127,7.3,2018-08-12
4128,184.3,2018-08-13
4129,136.4,2018-08-14
4130,57.3,2018-08-15
4131,276.9,2018-08-16
4132,102.3,2018-08-17
4133,188.4,2018-08-18
4134,242.9,2018-08-19
4135,106.6,2018-08-20
4136,317.9,2018-08-21
4137,310.4,2018-08-22
4138,4.0,2018-08-23
4139,158.2,2018-08-24
4140,44.1,2018-08-25
4141,9.9,2018-08-26
4142,178.2,2018-08-27
4143,40.5,2018-08-28
4144,331.2,2018-08-29
4145,14.3,2018-08-30
4146,58.7,2018-08-31
4147,3.7,2018-09-01
4148,60.5,2018-09-02
4149,186.3,2018-09-03
4150,85.9,2018-09-04
4151,2.8,2018-09-05
4152,107.4,2018-09-06
4153,150.3,2018-09-07
4154,49.3,2018-09-08
4155,89.8,2018-09-09
4156,28.4,2018-09-10
4157,3.0,2018-09-11
4158,98.7,2018-09-12
4159,259.7,2018-09-13
4160,88.6,2018-09-14
4161,4.2,2018-09-15
4162,272.4,2018-09-16
4163,2.9,2018-09-17
4164,18.5,2018-09-18
4165,59.6,2018-09-19
4166,101.8,2018-09-20
4167,29.0,2018-09-21
4168,62.8,2018-09-22
4169,162.1,2018-09-23
4170,139.7,2018-09-24
4171,303.0,2018-09-25
4172,0.7,2018-09-26
4173,182.3,2018-09-27
4174,169.6,2018-09-28
4175,149.0,2018-09-29
4176,34.1,2018-09-30
4177,38.4,2018-10-01
4178,345.6,2019-08-01
4179,383.6,2019-08-02
4180,179.8,2019-08-03
4181,296.1,2019-08-04
4182,282.4,2019-08-05
4183,156.9,2019-08-06
4184,78.1,2019-08-07
4185,73.2,2019-08-08
4186,106.2,2019-08-09
4187,214.7,2019-08-10
4188,3.1,2019-08-11
4189,95.7,2019-08-12
4190,236.3,2019-08-13
4191,111.3,2019-08-14
4192,248.7,2019-08-15
4193,85,2019-08-16
4194,187.4,2019-08-17
4195,19.1,2019-08-18
4196,106.7,2019-08-19
4197,182,2019-08-20
4198,158.8,2019-08-21
4199,235.1,2019-08-22
4200,36.2,2019-08-23
4201,267.3,2019-08-24
4202,266.7,2019-08-25
4203,71.1,2019-08-26
4204,272.1,2019-08-27
4205,337,2019-08-28
4206,322.5,2019-08-29
4207,75.2,2019-08-30
4208,124.5,2019-08-31
4209,318,2019-09-01
4210,117.4,2019-09-02
4211,199.4,2019-09-03
4212,140.4,2019-09-04
4213,10.4,2019-09-05
4214,188.6,2019-09-06
4215,17.8,2019-09-07
4216,35.4,2019-09-08
4217,7.9,2019-09-09
4218,192,2019-09-10
4219,10.5,2019-09-11
4220,10.7,2019-09-12
4221,53,2019-09-13
4222,184,2019-09-14
4223,45.4,2019-09-15
4224,-,2019-09-16
4225,-,2019-09-17
4226,151.9,2019-09-18
4227,163.9,2019-09-19
4228,85.9,2019-09-20
4229,5.3,2019-09-21
4230,257.2,2019-09-22
4231,108.1,2019-09-23
4232,2.6,2019-09-24
4233,0.4,2019-09-25
4234,205.9,2019-09-26
4235,173.7,2019-09-27
4236,201.1,2019-09-28
4237,1.8,2019-09-29
4238,5.7,2019-09-30
4239,89.9,2019-10-01
4240,391.5,2020-08-01
4241,129.1,2020-08-02
4242,222.6,2020-08-03
4243,235.0,2020-08-04
4244,362.6,2020-08-05
4245,10.4,2020-08-06
4246,229.5,2020-08-07
4247,448.8,2020-08-08
4248,254.6,2020-08-09
4249,396.1,2020-08-10
4250,323.6,2020-08-11
4251,103.5,2020-08-12
4252,131.1,2020-08-13
4253,279.1,2020-08-14
4254,297.2,2020-08-15
4255,441.6,2020-08-16
4256,420.4,2020-08-17
4257,420.2,2020-08-18
4258,181.7,2020-08-19
4259,377.7,2020-08-20
4260,305.6,2020-08-21
4261,0.2,2020-08-22
4262,240.0,2020-08-23
4263,207.3,2020-08-24
4264,152.5,2020-08-25
4265,267.1,2020-08-26
4266,381.1,2020-08-27
4267,287.3,2020-08-28
4268,189.8,2020-08-29
4269,1.4,2020-08-30
4270,1.1,2020-08-31
4271,366.6,2020-09-01
4272,270.2,2020-09-02
4273,4.4,2020-09-03
4274,8.9,2020-09-04
4275,20.3,2020-09-05
4276,98.9,2020-09-06
4277,279.7,2020-09-07
4278,4.5,2020-09-08
4279,6.9,2020-09-09
4280,166.7,2020-09-10
4281,98.0,2020-09-11
4282,0.9,2020-09-12
4283,298.0,2020-09-13
4284,248.0,2020-09-14
4285,143.1,2020-09-15
4286,0.1,2020-09-16
4287,2.0,2020-09-17
4288,126.1,2020-09-18
4289,237.7,2020-09-19
4290,120.5,2020-09-20
4291,39.6,2020-09-21
4292,35.9,2020-09-22
4293,192.9,2020-09-23
4294,88.9,2020-09-24
4295,57.8,2020-09-25
4296,142.4,2020-09-26
4297,229.4,2020-09-27
4298,205.9,2020-09-28
4299,0.1,2020-09-29
4300,4.0,2020-09-30
4301,98.6,2020-10-01
4302,103.6,2021-08-01
4303,111.4,2021-08-02
4304,70.1,2021-08-03
4305,311.6,2021-08-04
4306,213.5,2021-08-05
4307,377.0,2021-08-06
4308,147.3,2021-08-07
4309,67.4,2021-08-08
4310,64.7,2021-08-09
4311,249.5,2021-08-10
4312,139.2,2021-08-11
4313,198.6,2021-08-12
4314,270.5,2021-08-13
4315,96.0,2021-08-14
4316,62.6,2021-08-15
4317,86.7,2021-08-16
4318,0.4,2021-08-17
4319,15.2,2021-08-18
4320,33.2,2021-08-19
4321,115.2,2021-08-20
4322,95.9,2021-08-21
4323,25.3,2021-08-22
4324,160.7,2021-08-23
4325,149.8,2021-08-24
4326,1.9,2021-08-25
4327,0.0,2021-08-26
4328,0.4,2021-08-27
4329,43.9,2021-08-28
4330,243.4,2021-08-29
4331,301.9,2021-08-30
4332,315.1,2021-08-31
4333,196.1,2021-09-01
4334,139.0,2021-09-02
4335,136.0,2021-09-03
4336,189.9,2021-09-04
4337,64.2,2021-09-05
4338,202.8,2021-09-06
4339,37.1,2021-09-07
4340,19.9,2021-09-08
4341,57.0,2021-09-09
4342,73.2,2021-09-10
4343,1.6,2021-09-11
4344,0.0,2021-09-12
4345,232.7,2021-09-13
4346,257.7,2021-09-14
4347,104.3,2021-09-15
4348,1.0,2021-09-16
4349,191.3,2021-09-17
4350,162.4,2021-09-18
4351,29.1,2021-09-19
4352,215.9,2021-09-20
4353,199.8,2021-09-21
4354,217.4,2021-09-22
4355,2.4,2021-09-23
4356,0.0,2021-09-24
4357,50.4,2021-09-25
4358,281.2,2021-09-26
4359,323.8,2021-09-27
4360,147.0,2021-09-28
4361,1.1,2021-09-29
4362,1.3,2021-09-30
4363,29.2,2021-10-01
4364,278.6,2022-08-01
4365,356.7,2022-08-02
4366,126.9,2022-08-03
4367,168.5,2022-08-04
4368,145.2,2022-08-05
4369,87.2,2022-08-06
4370,255.6,2022-08-07
4371,244.4,2022-08-08
4372,479.4,2022-08-09
4373,212.2,2022-08-10
4374,276.1,2022-08-11
4375,315.0,2022-08-12
4376,427.2,2022-08-13
4377,425.9,2022-08-14
4378,295.3,2022-08-15
4379,317.1,2022-08-16
4380,74.2,2022-08-17
4381,88.1,2022-08-18
4382,115.1,2022-08-19
4383,243.1,2022-08-20
4384,149.8,2022-08-21
4385,209.6,2022-08-22
4386,23.9,2022-08-23
4387,1.5,2022-08-24
4388,229.4,2022-08-25
4389,93.9,2022-08-26
4390,216.9,2022-08-27
4391,250.7,2022-08-28
4392,150.1,2022-08-29
4393,189.8,2022-08-30
4394,167.9,2022-08-31
4395,268.4,2022-09-01
4396,268.2,2022-09-02
4397,153.0,2022-09-03
4398,98.5,2022-09-04
4399,107.1,2022-09-05
4400,149.8,2022-09-06
4401,107.6,2022-09-07
4402,341.6,2022-09-08
4403,276.7,2022-09-09
4404,315.9,2022-09-10
4405,221.6,2022-09-11
4406,267.3,2022-09-12
4407,0.9,2022-09-13
4408,0.0,2022-09-14
4409,23.9,2022-09-15
4410,30.1,2022-09-16
4411,25.3,2022-09-17
4412,16.2,2022-09-18
4413,69.3,2022-09-19
4414,2.5,2022-09-20
4415,4.1,2022-09-21
4416,263.4,2022-09-22
4417,202.3,2022-09-23
4418,72.9,2022-09-24
4419,8.2,2022-09-25
4420,33.9,2022-09-26
4421,5.7,2022-09-27
4422,58.0,2022-09-28
4423,0.3,2022-09-29
4424,9.1,2022-09-30
4425,67.3,2022-10-01
4426,40.1,2004-09-01
4427,34.6,2004-09-02
4428,38.4,2004-09-03
4429,12.4,2004-09-04
4430,138.8,2004-09-05
4431,39.7,2004-09-06
4432,158.6,2004-09-07
4433,211.8,2004-09-08
4434,102.6,2004-09-09
4435,209.4,2004-09-10
4436,224.9,2004-09-11
4437,4.0,2004-09-12
4438,43.5,2004-09-13
4439,125.7,2004-09-14
4440,151.7,2004-09-15
4441,138.3,2004-09-16
4442,4.4,2004-09-17
4443,0.1,2004-09-18
4444,0.1,2004-09-19
4445,79.4,2004-09-20
4446,14.5,2004-09-21
4447,11.1,2004-09-22
4448,12.8,2004-09-23
4449,36.4,2004-09-24
4450,24.1,2004-09-25
4451,135.8,2004-09-26
4452,0.3,2004-09-27
4453,10.1,2004-09-28
4454,35.6,2004-09-29
4455,222.0,2004-09-30
4456,273.9,2004-10-01
4457,169.9,2004-10-02
4458,13.6,2004-10-03
4459,91.3,2004-10-04
4460,0.2,2004-10-05
4461,1.3,2004-10-06
4462,43.0,2004-10-07
4463,8.8,2004-10-08
4464,238.7,2004-10-09
4465,280.3,2004-10-10
4466,295.2,2004-10-11
4467,195.4,2004-10-12
4468,197.1,2004-10-13
4469,243.0,2004-10-14
4470,124.0,2004-10-15
4471,73.6,2004-10-16
4472,0.2,2004-10-17
4473,0.1,2004-10-18
4474,0.1,2004-10-19
4475,0.9,2004-10-20
4476,0.6,2004-10-21
4477,1.3,2004-10-22
4478,1.3,2004-10-23
4479,3.5,2004-10-24
4480,48.2,2004-10-25
4481,0.3,2004-10-26
4482,44.2,2004-10-27
4483,215.0,2004-10-28
4484,2.9,2004-10-29
4485,13.5,2004-10-30
4486,0.8,2004-10-31
4487,131.7,2004-11-01
4488,282.3,2005-09-01
4489,280.0,2005-09-02
4490,106.1,2005-09-03
4491,147.7,2005-09-04
4492,75.9,2005-09-05
4493,73.4,2005-09-06
4494,177.9,2005-09-07
4495,26.1,2005-09-08
4496,253.8,2005-09-09
4497,144.8,2005-09-10
4498,201.9,2005-09-11
4499,8.6,2005-09-12
4500,190.5,2005-09-13
4501,1.9,2005-09-14
4502,4.4,2005-09-15
4503,219.8,2005-09-16
4504,203.4,2005-09-17
4505,26.7,2005-09-18
4506,147.9,2005-09-19
4507,1.8,2005-09-20
4508,57.1,2005-09-21
4509,94.3,2005-09-22
4510,89.6,2005-09-23
4511,25.1,2005-09-24
4512,13.5,2005-09-25
4513,122.6,2005-09-26
4514,113.6,2005-09-27
4515,3.4,2005-09-28
4516,92.7,2005-09-29
4517,138.8,2005-09-30
4518,68.4,2005-10-01
4519,10.1,2005-10-02
4520,84.8,2005-10-03
4521,124.5,2005-10-04
4522,202.0,2005-10-05
4523,1.8,2005-10-06
4524,18.8,2005-10-07
4525,105.0,2005-10-08
4526,104.4,2005-10-09
4527,133.3,2005-10-10
4528,105.0,2005-10-11
4529,79.8,2005-10-12
4530,64.7,2005-10-13
4531,5.7,2005-10-14
4532,62.8,2005-10-15
4533,1.8,2005-10-16
4534,61.6,2005-10-17
4535,135.5,2005-10-18
4536,10.5,2005-10-19
4537,105.9,2005-10-20
4538,0.7,2005-10-21
4539,0.6,2005-10-22
4540,0.9,2005-10-23
4541,114.3,2005-10-24
4542,131.2,2005-10-25
4543,0.7,2005-10-26
4544,1.5,2005-10-27
4545,0.7,2005-10-28
4546,138.2,2005-10-29
4547,0.4,2005-10-30
4548,0.2,2005-10-31
4549,65.7,2005-11-01
4550,123.4,2006-09-01
4551,34.1,2006-09-02
4552,43.8,2006-09-03
4553,56.2,2006-09-04
4554,46,2006-09-05
4555,127.1,2006-09-06
4556,8.9,2006-09-07
4557,10.8,2006-09-08
4558,150.8,2006-09-09
4559,186.1,2006-09-10
4560,190.5,2006-09-11
4561,141.4,2006-09-12
4562,211.4,2006-09-13
4563,171.1,2006-09-14
4564,255.9,2006-09-15
4565,254.3,2006-09-16
4566,155.4,2006-09-17
4567,32.2,2006-09-18
4568,8.9,2006-09-19
4569,70.6,2006-09-20
4570,167.9,2006-09-21
4571,101.7,2006-09-22
4572,199,2006-09-23
4573,107.8,2006-09-24
4574,9.9,2006-09-25
4575,146.2,2006-09-26
4576,71.1,2006-09-27
4577,3.7,2006-09-28
4578,3.7,2006-09-29
4579,4.3,2006-09-30
4580,3.1,2006-10-01
4581,54.5,2006-10-02
4582,13.1,2006-10-03
4583,5.5,2006-10-04
4584,27.8,2006-10-05
4585,46.2,2006-10-06
4586,3.4,2006-10-07
4587,27.2,2006-10-08
4588,9.3,2006-10-09
4589,3.8,2006-10-10
4590,6.2,2006-10-11
4591,26.7,2006-10-12
4592,40.1,2006-10-13
4593,9.7,2006-10-14
4594,20.7,2006-10-15
4595,3.3,2006-10-16
4596,7.9,2006-10-17
4597,146.4,2006-10-18
4598,12.8,2006-10-19
4599,10.8,2006-10-20
4600,3,2006-10-21
4601,3.3,2006-10-22
4602,3.3,2006-10-23
4603,8.5,2006-10-24
4604,3.2,2006-10-25
4605,9.8,2006-10-26
4606,6.6,2006-10-27
4607,33.4,2006-10-28
4608,158.1,2006-10-29
4609,4.5,2006-10-30
4610,-,2006-10-31
4611,-,2006-11-01
4612,-,2013-09-01
4613,-,2013-09-02
4614,-,2013-09-03
4615,-,2013-09-04
4616,-,2013-09-05
4617,-,2013-09-06
4618,-,2013-09-07
4619,-,2013-09-08
4620,-,2013-09-09
4621,-,2013-09-10
4622,-,2013-09-11
4623,-,2013-09-12
4624,-,2013-09-13
4625,-,2013-09-14
4626,-,2013-09-15
4627,-,2013-09-16
4628,-,2013-09-17
4629,-,2013-09-18
4630,-,2013-09-19
4631,-,2013-09-20
4632,-,2013-09-21
4633,-,2013-09-22
4634,-,2013-09-23
4635,-,2013-09-24
4636,152.8,2013-09-25
4637,19.4,2013-09-26
4638,36.4,2013-09-27
4639,-,2013-09-28
4640,-,2013-09-29
4641,30.8,2013-09-30
4642,5.7,2013-10-01
4643,-,2013-10-02
4644,-,2013-10-03
4645,-,2013-10-04
4646,-,2013-10-05
4647,-,2013-10-06
4648,-,2013-10-07
4649,-,2013-10-08
4650,-,2013-10-09
4651,-,2013-10-10
4652,160.7,2013-10-11
4653,-,2013-10-12
4654,-,2013-10-13
4655,-,2013-10-14
4656,-,2013-10-15
4657,-,2013-10-16
4658,-,2013-10-17
4659,-,2013-10-18
4660,-,2013-10-19
4661,-,2013-10-20
4662,-,2013-10-21
4663,-,2013-10-22
4664,0.3,2013-10-23
4665,-,2013-10-24
4666,-,2013-10-25
4667,-,2013-10-26
4668,-,2013-10-27
4669,-,2013-10-28
4670,7.3,2013-10-29
4671,27.4,2013-10-30
4672,-,2013-10-31
4673,-,2013-11-01
4674,-,2014-09-01
4675,-,2014-09-02
4676,-,2014-09-03
4677,-,2014-09-04
4678,-,2014-09-05
4679,-,2014-09-06
4680,-,2014-09-07
4681,-,2014-09-08
4682,18.7,2014-09-09
4683,-,2014-09-10
4684,-,2014-09-11
4685,-,2014-09-12
4686,-,2014-09-13
4687,-,2014-09-14
4688,-,2014-09-15
4689,-,2014-09-16
4690,-,2014-09-17
4691,-,2014-09-18
4692,-,2014-09-19
4693,-,2014-09-20
4694,-,2014-09-21
4695,-,2014-09-22
4696,-,2014-09-23
4697,-,2014-09-24
4698,-,2014-09-25
4699,-,2014-09-26
4700,-,2014-09-27
4701,-,2014-09-28
4702,-,2014-09-29
4703,218.2,2014-09-30
4704,-,2014-10-01
4705,-,2014-10-02
4706,-,2014-10-03
4707,-,2014-10-04
4708,-,2014-10-05
4709,-,2014-10-06
4710,-,2014-10-07
4711,-,2014-10-08
4712,37.7,2014-10-09
4713,2.3,2014-10-10
4714,-,2014-10-11
4715,-,2014-10-12
4716,0.5,2014-10-13
4717,-,2014-10-14
4718,-,2014-10-15
4719,-,2014-10-16
4720,-,2014-10-17
4721,171.4,2014-10-18
4722,0.4,2014-10-19
4723,-,2014-10-20
4724,-,2014-10-21
4725,-,2014-10-22
4726,-,2014-10-23
4727,-,2014-10-24
4728,-,2014-10-25
4729,-,2014-10-26
4730,-,2014-10-27
4731,0,2014-10-28
4732,-,2014-10-29
4733,-,2014-10-30
4734,-,2014-10-31
4735,70.8,2014-11-01
